unit_number,time_cycles,sensor_2,sensor_3,sensor_4,sensor_7,sensor_11,sensor_15
1,1,642.15,1591.29,1393.17,554.14,47.31,8.47
1,2,641.96,1582.53,1401.36,554.46,48.04,8.49
1,3,642.2,1591.05,1403.09,553.11,47.71,8.45
1,4,642.46,1592.33,1416.91,554.68,47.33,8.47
1,5,641.94,1584.72,1408.58,554.19,47.69,8.44
1,6,641.94,1590.96,1394.85,553.74,47.79,8.5
1,7,642.49,1590.4,1391.97,554.36,47.69,8.41
1,8,642.25,1583.21,1404.51,555.34,47.03,8.51
1,9,641.88,1592.23,1388.22,554.08,47.29,8.44
1,10,642.19,1593.47,1416.61,554.12,47.43,8.38
1,11,641.89,1596.63,1410.76,553.68,47.49,8.45
1,12,641.9,1596.48,1395.95,553.44,47.7,8.41
1,13,642.11,1581.92,1384.79,554.44,47.56,8.48
1,14,641.47,1584.59,1412.42,553.42,47.11,8.42
1,15,641.54,1593.33,1399.24,553.97,47.63,8.42
1,16,641.89,1593.36,1411.45,553.63,47.7,8.37
1,17,641.77,1593.4,1386.0,554.19,47.69,8.42
1,18,642.17,1613.47,1395.0,554.09,47.85,8.35
1,19,641.82,1593.82,1400.49,554.51,47.77,8.38
1,20,641.67,1597.25,1400.91,553.56,47.66,8.47
1,21,642.55,1596.2,1396.49,553.69,47.51,8.48
1,22,642.05,1594.43,1406.2,553.26,47.03,8.46
1,23,642.15,1588.68,1391.04,553.56,47.66,8.41
1,24,641.71,1595.18,1399.42,554.04,47.6,8.44
1,25,641.99,1586.04,1401.85,554.25,47.62,8.44
1,26,642.2,1589.31,1405.46,553.23,47.16,8.4
1,27,641.83,1587.88,1407.29,554.28,47.23,8.51
1,28,642.3,1591.34,1390.84,554.56,47.87,8.48
1,29,642.03,1604.8,1387.22,553.97,47.55,8.44
1,30,642.13,1579.77,1412.6,554.83,47.77,8.45
1,31,642.05,1595.16,1404.16,553.22,47.57,8.46
1,32,642.81,1581.43,1394.51,552.92,47.58,8.37
1,33,642.26,1588.35,1415.29,552.58,47.86,8.44
1,34,641.96,1597.79,1402.45,554.52,47.42,8.42
1,35,642.55,1591.71,1412.11,553.99,47.61,8.41
1,36,641.95,1584.94,1402.19,553.54,47.45,8.44
1,37,642.4,1587.19,1420.22,553.72,47.46,8.52
1,38,641.76,1595.64,1417.56,552.85,47.51,8.48
1,39,641.97,1587.27,1399.62,554.97,47.67,8.43
1,40,642.45,1593.03,1410.7,553.56,47.46,8.48
1,41,642.63,1592.1,1407.86,553.52,47.99,8.51
1,42,642.48,1588.0,1414.47,553.86,47.35,8.49
1,43,642.42,1604.87,1393.57,553.69,47.57,8.46
1,44,642.38,1595.9,1408.54,553.5,47.5,8.43
1,45,642.05,1580.05,1412.0,552.87,48.07,8.48
1,46,642.3,1593.41,1386.75,553.59,47.7,8.47
1,47,642.4,1588.43,1392.05,554.41,47.96,8.49
1,48,642.88,1597.61,1384.46,554.06,47.21,8.48
1,49,642.69,1587.85,1400.51,554.17,47.74,8.5
1,50,642.08,1592.02,1409.51,552.88,47.94,8.44
1,51,642.73,1595.85,1416.7,552.56,47.7,8.51
1,52,642.54,1598.13,1403.97,553.04,48.0,8.47
1,53,642.48,1585.85,1418.09,553.12,47.54,8.55
1,54,642.9,1591.16,1391.14,553.71,48.12,8.44
1,55,643.05,1590.43,1388.36,552.0,48.39,8.53
1,56,643.05,1589.48,1403.33,553.9,47.6,8.47
1,57,642.54,1604.12,1407.42,552.85,47.59,8.44
1,58,642.73,1596.08,1403.81,552.65,48.16,8.45
1,59,642.95,1586.21,1385.64,552.26,48.21,8.46
1,60,643.17,1599.41,1403.59,551.84,47.59,8.49
1,61,642.76,1606.77,1392.8,553.28,47.63,8.49
1,62,642.88,1600.37,1410.72,552.79,47.68,8.45
1,63,642.64,1585.19,1408.14,551.93,47.37,8.47
1,64,642.64,1591.54,1396.54,551.89,47.5,8.56
1,65,643.28,1602.19,1400.53,552.42,47.49,8.54
1,66,643.47,1590.48,1395.78,553.58,47.57,8.49
1,67,643.07,1597.53,1404.92,552.38,47.79,8.48
1,68,643.43,1599.67,1414.24,551.59,47.88,8.48
1,69,643.27,1589.6,1396.94,552.3,48.29,8.5
1,70,643.0,1594.96,1410.52,552.24,47.53,8.44
1,71,643.34,1576.02,1401.38,550.74,48.14,8.47
1,72,643.73,1589.48,1399.19,552.28,47.79,8.42
1,73,643.29,1594.27,1405.54,552.13,47.85,8.5
1,74,643.81,1588.46,1397.37,552.64,48.07,8.51
1,75,642.59,1605.9,1401.88,553.28,47.54,8.47
1,76,643.66,1587.69,1396.27,552.8,48.01,8.55
1,77,643.47,1593.79,1424.92,551.91,47.95,8.44
1,78,643.4,1597.39,1407.74,551.36,48.06,8.43
1,79,643.55,1605.42,1401.32,553.51,48.01,8.5
1,80,642.97,1588.33,1409.74,551.95,48.67,8.53
1,81,643.54,1604.1,1407.0,551.87,47.75,8.56
1,82,643.75,1597.36,1406.22,551.8,47.8,8.48
1,83,644.13,1591.59,1413.94,551.88,47.78,8.54
1,84,643.57,1600.43,1415.43,551.62,47.81,8.5
1,85,643.52,1599.03,1404.05,551.3,47.8,8.49
1,86,643.66,1594.42,1403.85,551.26,48.36,8.54
1,87,644.12,1598.63,1406.76,551.52,48.44,8.53
1,88,643.99,1596.09,1388.74,551.15,47.85,8.44
1,89,643.77,1599.28,1396.03,550.99,47.79,8.56
1,90,644.13,1602.76,1422.19,551.43,48.19,8.56
1,91,644.05,1608.5,1424.91,551.15,47.9,8.48
1,92,644.36,1591.76,1408.09,552.15,48.26,8.52
1,93,643.9,1612.18,1415.75,549.59,48.15,8.53
1,94,644.06,1587.88,1413.59,551.78,47.64,8.52
1,95,644.09,1598.88,1438.73,551.81,48.58,8.49
1,96,643.81,1603.53,1421.33,549.76,48.66,8.49
1,97,644.39,1601.9,1410.33,550.73,47.95,8.52
1,98,644.42,1596.68,1403.12,550.65,48.04,8.57
1,99,644.39,1599.39,1397.51,549.97,48.25,8.54
1,100,644.37,1597.89,1414.04,550.28,48.28,8.51
1,101,644.07,1597.53,1405.65,550.01,48.39,8.55
1,102,644.41,1606.39,1399.9,551.66,48.81,8.41
1,103,644.49,1603.65,1407.13,551.11,48.17,8.57
1,104,644.4,1597.58,1403.47,551.24,47.99,8.46
1,105,644.64,1607.36,1428.64,550.84,47.83,8.52
1,106,644.86,1604.04,1421.65,549.67,48.04,8.49
1,107,645.36,1607.3,1413.9,549.96,48.27,8.48
1,108,644.9,1606.43,1427.56,550.5,48.83,8.58
1,109,644.98,1597.92,1415.2,549.4,48.15,8.52
1,110,644.93,1599.77,1407.02,550.49,48.39,8.55
1,111,644.43,1607.85,1428.75,549.85,48.33,8.54
1,112,645.05,1607.27,1420.16,549.69,48.71,8.56
1,113,645.14,1603.73,1406.25,550.27,49.12,8.55
1,114,645.91,1604.81,1414.15,550.04,48.22,8.49
1,115,645.17,1612.02,1408.26,549.48,48.25,8.59
1,116,645.38,1601.05,1403.98,550.32,48.73,8.53
1,117,645.33,1608.14,1425.05,548.9,48.63,8.49
1,118,645.05,1603.9,1434.18,549.84,49.0,8.54
1,119,645.8,1604.06,1404.7,549.75,48.64,8.62
1,120,645.74,1612.22,1422.64,549.13,48.37,8.59
1,121,645.81,1610.84,1412.02,549.43,48.67,8.55
1,122,645.36,1611.03,1413.78,548.4,48.84,8.55
1,123,646.11,1614.25,1413.14,549.63,48.77,8.55
1,124,645.33,1606.81,1410.99,548.88,48.69,8.65
1,125,645.99,1611.05,1419.51,548.6,48.88,8.58
1,126,646.53,1605.36,1411.9,549.46,48.93,8.59
1,127,645.64,1609.45,1422.12,548.33,49.01,8.61
1,128,645.83,1607.0,1419.55,547.82,48.81,8.58
1,129,646.09,1608.64,1418.16,547.65,48.58,8.57
1,130,645.97,1611.91,1412.46,548.86,48.69,8.57
1,131,645.72,1603.71,1415.76,547.65,49.03,8.58
1,132,646.27,1621.46,1428.07,549.38,48.44,8.58
1,133,646.0,1603.16,1426.1,546.99,48.81,8.61
1,134,646.53,1602.2,1413.12,549.17,48.6,8.59
1,135,646.17,1616.91,1423.16,548.2,48.74,8.62
1,136,647.01,1615.15,1429.81,547.92,49.16,8.59
1,137,646.32,1614.53,1406.19,547.53,48.84,8.6
1,138,646.54,1615.02,1428.9,548.08,48.81,8.5
1,139,647.01,1610.88,1416.43,547.68,48.32,8.64
1,140,646.33,1604.58,1430.31,548.44,49.11,8.62
1,141,646.94,1612.16,1415.43,547.62,49.1,8.65
1,142,647.44,1606.48,1403.01,547.56,49.73,8.45
1,143,646.33,1620.22,1404.85,547.04,48.76,8.72
1,144,647.14,1611.25,1425.93,547.2,49.0,8.6
1,145,647.25,1605.58,1429.08,547.43,49.04,8.68
1,146,647.56,1610.23,1413.78,545.52,49.66,8.55
1,147,646.7,1617.28,1435.27,545.71,48.92,8.65
1,148,646.72,1608.39,1402.96,547.58,49.12,8.55
1,149,647.68,1606.03,1426.13,546.94,49.3,8.58
1,150,647.64,1616.87,1409.19,546.49,49.12,8.75
1,151,647.7,1617.27,1417.74,546.6,48.82,8.61
1,152,647.82,1609.7,1428.96,546.85,49.17,8.64
1,153,647.35,1610.29,1414.58,545.79,49.67,8.69
1,154,647.92,1618.31,1422.54,545.42,48.54,8.67
1,155,648.03,1599.61,1446.48,546.4,49.2,8.65
1,156,647.53,1600.04,1419.65,544.94,48.74,8.67
1,157,649.13,1608.21,1444.99,546.46,49.88,8.83
1,158,648.38,1614.5,1409.89,543.81,48.27,8.64
1,159,647.43,1621.29,1440.72,547.05,48.87,8.66
1,160,648.67,1636.47,1458.64,546.27,49.48,8.74
1,161,647.7,1629.21,1383.72,545.89,50.27,8.75
1,162,648.93,1616.37,1416.27,546.75,49.24,8.76
1,163,649.27,1618.57,1444.07,547.59,48.93,8.71
1,164,648.0,1605.44,1428.66,546.64,50.61,8.55
1,165,649.32,1619.28,1441.01,542.57,48.33,8.81
1,166,649.02,1615.79,1420.75,543.21,47.8,8.56
1,167,649.4,1624.94,1435.93,544.02,49.71,8.7
1,168,650.29,1608.42,1431.01,544.85,49.04,8.6
1,169,648.79,1628.79,1461.16,545.48,48.67,8.67
1,170,648.48,1644.76,1441.11,543.48,50.0,8.71
1,171,648.45,1620.04,1443.56,544.77,49.67,8.71
1,172,648.58,1628.44,1426.36,543.18,49.06,8.73
1,173,649.25,1633.55,1424.79,543.28,48.5,8.86
1,174,649.67,1616.31,1426.37,541.85,50.26,8.74
1,175,649.71,1626.94,1447.19,542.5,50.12,8.66
1,176,650.26,1623.82,1427.18,541.64,49.52,8.8
1,177,649.66,1625.66,1445.67,542.13,51.2,8.83
1,178,651.0,1610.96,1492.7,545.51,48.72,8.56
1,179,649.59,1625.2,1462.13,541.9,48.33,8.77
1,180,652.34,1634.06,1430.81,548.16,49.08,8.79
1,181,650.57,1651.87,1472.67,544.23,49.68,8.67
1,182,649.3,1643.59,1429.17,543.56,49.97,8.88
1,183,649.18,1666.51,1383.84,541.5,49.55,8.69
1,184,650.72,1612.22,1412.72,544.3,50.13,8.73
1,185,650.14,1643.87,1387.96,541.76,48.62,8.7
1,186,651.14,1631.1,1431.98,542.98,51.25,8.72
1,187,651.0,1671.08,1443.23,547.66,49.79,8.58
1,188,650.56,1612.22,1493.33,542.3,51.01,8.54
1,189,649.86,1611.78,1453.52,544.7,50.27,8.95
1,190,649.26,1616.9,1437.34,540.81,50.42,8.62
1,191,650.44,1585.54,1470.33,542.05,50.56,8.6
1,192,651.9,1618.96,1375.35,545.72,50.47,8.44
2,1,641.81,1594.41,1395.18,553.44,47.82,8.43
2,2,641.6,1593.98,1407.27,554.5,47.2,8.41
2,3,642.49,1597.05,1403.31,553.88,47.39,8.44
2,4,642.3,1591.09,1416.55,553.84,47.58,8.49
2,5,641.8,1582.23,1398.0,552.79,48.1,8.42
2,6,642.68,1592.42,1396.88,554.38,48.43,8.44
2,7,642.3,1586.12,1399.85,553.25,47.68,8.44
2,8,641.91,1586.86,1397.31,554.03,47.45,8.47
2,9,641.26,1593.56,1407.24,554.15,47.66,8.35
2,10,642.7,1597.48,1385.51,554.8,47.77,8.42
2,11,641.6,1590.19,1390.58,553.2,47.41,8.45
2,12,641.52,1591.92,1390.47,552.17,48.04,8.49
2,13,642.33,1600.3,1408.65,554.09,47.57,8.42
2,14,642.75,1591.54,1415.5,555.05,47.66,8.37
2,15,642.44,1605.72,1399.18,554.71,47.71,8.47
2,16,642.2,1593.52,1398.62,554.09,47.63,8.42
2,17,642.21,1579.58,1400.79,553.66,47.76,8.39
2,18,642.29,1594.68,1410.63,554.44,47.32,8.42
2,19,642.27,1592.46,1391.85,553.36,47.34,8.43
2,20,642.13,1597.93,1402.36,554.23,47.18,8.42
2,21,642.08,1594.25,1409.02,554.24,47.65,8.35
2,22,642.03,1589.4,1404.77,554.57,47.75,8.48
2,23,641.83,1582.91,1402.0,555.58,47.65,8.49
2,24,641.98,1589.03,1409.32,554.15,48.02,8.47
2,25,641.56,1585.2,1376.01,553.6,47.52,8.4
2,26,642.04,1586.85,1406.47,553.89,47.72,8.43
2,27,641.78,1593.89,1394.51,552.83,47.19,8.44
2,28,641.75,1600.4,1383.95,553.47,47.41,8.47
2,29,642.15,1592.78,1405.06,553.63,47.73,8.47
2,30,642.52,1583.26,1412.85,553.55,47.78,8.41
2,31,642.38,1593.13,1399.29,553.95,47.44,8.45
2,32,641.64,1597.68,1409.14,553.36,47.51,8.46
2,33,641.82,1586.87,1415.11,554.51,47.08,8.5
2,34,642.41,1589.76,1412.47,553.83,47.43,8.47
2,35,641.84,1590.68,1415.43,553.82,47.8,8.48
2,36,642.07,1585.92,1407.39,553.61,47.71,8.45
2,37,642.31,1594.55,1401.43,553.89,47.69,8.5
2,38,641.87,1589.98,1386.37,554.28,47.56,8.46
2,39,642.2,1593.26,1398.62,553.26,47.55,8.41
2,40,641.77,1585.45,1393.28,553.37,47.35,8.5
2,41,642.0,1588.19,1420.46,553.57,47.76,8.47
2,42,642.29,1595.19,1399.38,552.94,47.68,8.43
2,43,641.72,1588.66,1402.12,553.24,47.7,8.43
2,44,642.34,1601.3,1406.02,553.43,47.4,8.46
2,45,642.22,1588.59,1401.5,554.23,46.92,8.47
2,46,642.4,1592.38,1416.41,553.85,47.89,8.46
2,47,642.31,1596.67,1395.6,553.79,47.42,8.46
2,48,642.66,1582.61,1403.01,554.17,47.31,8.52
2,49,642.3,1580.6,1394.63,553.57,47.78,8.49
2,50,642.14,1582.06,1389.49,553.87,47.46,8.46
2,51,642.32,1598.84,1395.92,553.56,47.9,8.49
2,52,642.46,1588.0,1401.14,553.77,47.77,8.41
2,53,642.32,1606.71,1397.67,553.24,47.79,8.47
2,54,642.33,1588.03,1395.36,552.11,47.18,8.52
2,55,642.12,1592.58,1389.0,553.48,47.96,8.44
2,56,642.14,1600.78,1400.97,554.4,47.67,8.42
2,57,641.93,1603.61,1388.23,554.08,47.49,8.43
2,58,642.89,1604.0,1408.68,554.09,47.65,8.41
2,59,642.01,1598.94,1402.64,554.23,47.07,8.42
2,60,642.19,1597.89,1388.85,553.53,47.73,8.44
2,61,642.19,1595.36,1399.25,553.58,47.3,8.4
2,62,642.69,1596.54,1395.33,553.07,47.21,8.45
2,63,642.35,1588.62,1405.04,553.23,47.16,8.49
2,64,642.82,1587.08,1414.3,553.77,47.96,8.42
2,65,642.26,1592.03,1385.43,554.11,47.44,8.52
2,66,642.56,1591.09,1403.42,553.28,48.09,8.48
2,67,642.24,1589.46,1401.01,553.08,47.48,8.5
2,68,643.15,1596.42,1408.57,553.33,47.13,8.43
2,69,642.16,1598.04,1404.52,553.67,47.31,8.49
2,70,642.63,1592.91,1395.91,552.42,48.02,8.41
2,71,642.74,1601.31,1399.88,551.89,47.61,8.49
2,72,642.69,1585.67,1395.67,552.91,47.49,8.47
2,73,642.53,1591.43,1412.6,552.49,47.71,8.48
2,74,642.56,1588.36,1403.18,552.9,47.82,8.41
2,75,642.63,1581.53,1420.18,553.09,48.01,8.42
2,76,642.59,1592.31,1402.61,552.89,48.11,8.48
2,77,642.94,1592.15,1396.86,554.01,47.57,8.42
2,78,643.33,1602.04,1389.7,553.31,47.29,8.48
2,79,642.51,1596.82,1387.18,553.27,47.57,8.41
2,80,642.29,1586.96,1389.24,553.44,47.77,8.5
2,81,642.69,1604.31,1405.99,552.36,47.41,8.41
2,82,643.51,1600.59,1408.25,553.64,47.42,8.49
2,83,642.51,1596.84,1389.53,552.95,47.81,8.49
2,84,643.26,1592.07,1411.91,553.37,47.7,8.44
2,85,643.29,1587.75,1399.6,552.3,47.73,8.49
2,86,642.64,1591.36,1405.36,551.99,47.5,8.48
2,87,643.0,1600.21,1418.65,553.39,47.66,8.45
2,88,643.33,1605.07,1412.3,553.1,47.46,8.43
2,89,642.75,1603.11,1401.91,552.3,48.01,8.39
2,90,642.82,1591.0,1396.4,552.3,48.06,8.48
2,91,642.73,1587.3,1385.16,553.47,47.2,8.41
2,92,642.62,1594.96,1398.15,552.05,47.48,8.47
2,93,642.75,1583.59,1402.82,553.73,47.31,8.46
2,94,642.6,1596.23,1395.94,552.17,47.57,8.5
2,95,643.0,1593.5,1403.75,553.07,47.75,8.46
2,96,642.78,1591.68,1405.73,552.46,47.34,8.46
2,97,643.1,1585.0,1403.12,552.99,47.51,8.5
2,98,642.58,1597.75,1399.4,552.27,47.49,8.49
2,99,643.17,1591.56,1406.87,552.47,47.86,8.49
2,100,643.34,1587.84,1409.44,552.57,47.82,8.5
2,101,642.52,1577.72,1395.76,551.91,47.59,8.42
2,102,643.25,1594.89,1418.38,552.93,47.87,8.51
2,103,643.53,1605.79,1404.91,552.15,47.66,8.5
2,104,642.82,1605.22,1406.08,552.29,47.75,8.44
2,105,643.71,1592.61,1412.4,551.8,48.34,8.47
2,106,643.35,1591.84,1408.24,550.83,48.24,8.48
2,107,643.04,1598.37,1414.83,552.22,47.46,8.48
2,108,643.26,1589.67,1408.96,553.75,48.1,8.5
2,109,643.47,1597.58,1400.98,552.74,48.1,8.54
2,110,643.34,1600.47,1409.86,552.23,47.52,8.53
2,111,643.51,1603.34,1396.44,552.05,48.12,8.43
2,112,643.09,1595.49,1407.83,552.19,48.34,8.51
2,113,643.45,1594.98,1406.68,552.47,47.55,8.54
2,114,643.0,1591.04,1405.23,551.4,47.62,8.5
2,115,643.41,1591.46,1406.07,552.74,48.21,8.53
2,116,643.2,1595.18,1390.41,552.47,47.99,8.57
2,117,643.28,1598.85,1402.54,552.44,48.08,8.53
2,118,643.89,1602.24,1408.44,552.23,48.02,8.5
2,119,643.87,1592.06,1409.18,551.95,48.05,8.53
2,120,643.76,1605.95,1398.62,552.31,47.54,8.5
2,121,643.27,1595.48,1419.39,552.22,48.26,8.49
2,122,643.53,1597.1,1400.34,551.62,48.3,8.48
2,123,644.02,1592.86,1416.99,551.45,47.89,8.56
2,124,643.72,1582.92,1412.24,551.82,47.95,8.46
2,125,644.4,1602.89,1402.72,552.65,47.51,8.56
2,126,643.85,1602.13,1424.65,550.94,48.14,8.52
2,127,643.82,1596.14,1398.07,550.77,48.16,8.44
2,128,643.7,1598.36,1417.22,551.71,47.98,8.51
2,129,643.86,1601.18,1418.1,551.61,48.34,8.42
2,130,643.8,1588.83,1403.2,551.64,47.91,8.53
2,131,644.09,1595.16,1421.91,551.65,48.19,8.54
2,132,644.19,1603.23,1407.27,551.33,47.72,8.48
2,133,643.7,1591.06,1412.26,552.32,48.03,8.51
2,134,643.56,1600.48,1412.15,550.42,47.99,8.58
2,135,643.44,1590.71,1408.75,550.85,48.12,8.49
2,136,644.17,1601.78,1417.4,551.24,47.95,8.47
2,137,643.72,1598.9,1417.4,550.28,48.03,8.57
2,138,643.43,1589.56,1394.67,551.12,48.33,8.59
2,139,644.23,1606.37,1422.29,552.18,47.96,8.51
2,140,644.89,1595.11,1395.75,551.16,47.61,8.55
2,141,644.17,1594.79,1420.15,551.24,48.63,8.57
2,142,644.45,1601.0,1421.16,550.31,48.53,8.48
2,143,644.26,1606.82,1401.35,550.65,47.73,8.5
2,144,644.24,1593.97,1407.63,550.75,48.34,8.56
2,145,644.57,1600.58,1401.54,550.75,47.99,8.58
2,146,644.24,1602.92,1409.71,551.66,48.23,8.54
2,147,644.44,1604.65,1409.03,551.19,48.24,8.48
2,148,644.49,1601.7,1418.98,550.14,48.09,8.6
2,149,644.23,1598.58,1423.92,550.91,47.94,8.5
2,150,644.76,1595.96,1424.85,551.02,47.98,8.51
2,151,644.44,1601.59,1407.4,551.36,47.92,8.54
2,152,644.3,1594.79,1410.74,551.58,47.95,8.59
2,153,644.72,1583.84,1397.64,549.98,48.19,8.56
2,154,644.32,1604.14,1405.7,550.06,48.01,8.54
2,155,644.63,1607.09,1421.81,549.75,48.43,8.55
2,156,644.66,1587.64,1427.84,550.31,48.68,8.53
2,157,645.02,1595.91,1402.36,550.69,48.07,8.55
2,158,644.87,1605.84,1408.31,550.96,48.33,8.43
2,159,644.75,1614.62,1413.57,550.27,48.42,8.52
2,160,645.04,1602.56,1416.51,550.08,48.42,8.54
2,161,645.25,1598.22,1406.87,550.31,48.31,8.49
2,162,645.03,1601.65,1418.15,549.68,48.52,8.55
2,163,644.91,1611.15,1410.25,551.38,48.45,8.53
2,164,644.55,1599.19,1414.56,549.12,47.95,8.61
2,165,644.66,1598.43,1419.79,550.14,48.59,8.6
2,166,644.92,1600.49,1415.11,551.2,48.6,8.52
2,167,644.86,1597.82,1411.31,549.94,48.12,8.54
2,168,645.03,1604.44,1414.43,549.77,48.37,8.54
2,169,645.14,1613.62,1414.81,549.62,48.57,8.53
2,170,645.32,1605.97,1412.46,549.68,48.31,8.55
2,171,645.17,1602.69,1413.65,550.56,48.71,8.52
2,172,645.38,1602.62,1430.55,548.36,49.11,8.5
2,173,645.29,1595.15,1421.4,550.56,48.17,8.57
2,174,644.72,1610.0,1413.88,548.73,48.0,8.58
2,175,645.06,1604.41,1423.0,549.38,48.52,8.52
2,176,645.34,1603.96,1413.92,549.23,48.66,8.59
2,177,645.06,1624.37,1427.67,549.79,48.38,8.53
2,178,645.64,1607.18,1420.64,548.43,48.9,8.57
2,179,645.96,1601.05,1416.54,549.61,48.07,8.59
2,180,645.91,1603.18,1421.73,550.49,48.69,8.56
2,181,645.52,1612.8,1403.76,548.41,48.31,8.58
2,182,646.07,1606.77,1407.96,549.29,49.02,8.54
2,183,645.7,1597.63,1407.55,548.72,49.11,8.55
2,184,645.6,1611.96,1419.78,549.32,48.3,8.56
2,185,645.56,1602.61,1434.29,549.03,48.37,8.53
2,186,645.69,1618.04,1438.98,548.57,48.81,8.56
2,187,645.7,1613.46,1424.85,549.2,48.45,8.51
2,188,645.91,1604.48,1423.82,549.93,48.56,8.55
2,189,645.95,1615.03,1403.31,548.68,48.59,8.56
2,190,645.95,1607.94,1414.84,549.17,48.02,8.56
2,191,646.12,1612.83,1412.84,547.91,48.6,8.56
2,192,646.39,1610.81,1414.55,548.06,48.41,8.57
2,193,646.35,1603.01,1418.84,548.86,48.48,8.59
2,194,645.67,1604.42,1416.31,549.41,49.08,8.61
2,195,645.39,1614.65,1402.96,548.67,48.28,8.55
2,196,646.48,1606.65,1427.72,548.22,48.91,8.53
2,197,645.83,1606.42,1411.55,548.35,48.59,8.54
2,198,646.22,1603.31,1423.57,547.54,48.61,8.56
2,199,645.98,1611.77,1440.3,548.59,48.94,8.57
2,200,645.83,1621.8,1413.58,548.7,48.82,8.55
2,201,646.58,1603.2,1399.23,547.84,48.9,8.54
2,202,646.69,1609.97,1419.64,547.76,49.04,8.57
2,203,646.32,1619.0,1433.03,548.17,48.65,8.6
2,204,645.7,1609.69,1441.95,547.65,48.56,8.62
2,205,646.41,1613.45,1410.58,547.83,48.41,8.57
2,206,646.77,1603.29,1428.32,549.26,48.5,8.58
2,207,646.16,1613.83,1418.48,547.58,49.84,8.55
2,208,646.79,1609.66,1422.49,547.44,49.26,8.6
2,209,646.77,1618.52,1453.26,547.16,48.33,8.56
2,210,647.04,1620.42,1406.99,548.14,48.34,8.63
2,211,646.91,1631.71,1427.28,547.37,49.04,8.51
2,212,646.52,1616.42,1430.12,546.94,49.08,8.58
2,213,647.44,1614.67,1437.99,548.46,49.1,8.62
2,214,646.94,1613.85,1426.24,548.5,48.78,8.62
2,215,647.04,1609.46,1429.16,546.76,48.85,8.76
2,216,646.7,1615.58,1420.42,545.59,49.06,8.63
2,217,646.95,1610.27,1429.28,548.03,48.97,8.55
2,218,646.8,1614.59,1421.34,546.46,47.95,8.61
2,219,647.16,1625.35,1434.74,547.74,48.85,8.51
2,220,648.09,1604.12,1421.27,545.11,48.57,8.61
2,221,646.68,1624.55,1432.06,547.73,49.07,8.57
2,222,646.6,1626.68,1426.5,545.65,50.44,8.68
2,223,648.16,1612.99,1443.81,547.48,49.19,8.59
2,224,647.38,1593.1,1426.64,546.7,48.87,8.61
2,225,647.19,1608.39,1400.53,545.65,49.51,8.58
2,226,648.12,1628.26,1447.54,546.14,49.3,8.75
2,227,647.31,1614.78,1413.82,547.22,49.29,8.61
2,228,648.66,1604.53,1417.89,546.54,49.4,8.76
2,229,648.1,1609.97,1418.91,547.0,50.21,8.69
2,230,647.51,1624.99,1451.72,548.48,48.48,8.67
2,231,649.04,1622.06,1393.13,544.47,49.39,8.66
2,232,647.54,1613.41,1483.15,548.01,48.6,8.67
2,233,648.36,1612.11,1448.02,546.21,49.47,8.49
2,234,648.16,1611.98,1433.85,544.97,48.62,8.62
2,235,648.81,1605.8,1429.19,544.37,48.93,8.71
2,236,649.03,1636.62,1435.62,545.66,49.01,8.64
2,237,648.16,1613.32,1440.29,546.95,49.8,8.53
2,238,647.72,1632.68,1443.01,545.59,49.79,8.64
2,239,648.53,1636.96,1441.74,547.59,48.45,8.79
2,240,647.86,1630.76,1433.19,543.75,49.28,8.76
2,241,649.65,1612.6,1427.89,545.52,48.8,8.65
2,242,648.49,1623.75,1429.01,543.82,48.45,8.74
2,243,648.21,1618.35,1428.36,545.88,49.15,8.62
2,244,648.63,1606.7,1455.5,546.52,49.1,8.5
2,245,647.64,1623.59,1444.98,544.68,50.98,8.57
2,246,647.94,1603.05,1371.94,541.57,49.64,8.8
2,247,649.51,1636.29,1447.14,545.39,48.39,8.64
2,248,648.25,1613.27,1437.75,545.66,48.97,8.64
2,249,648.02,1623.0,1433.47,545.55,50.12,8.64
2,250,649.22,1624.47,1425.66,546.69,50.92,8.85
2,251,649.76,1616.78,1459.25,543.24,48.24,8.83
2,252,649.47,1629.58,1455.87,545.76,48.03,8.89
2,253,649.74,1613.92,1417.49,546.47,50.85,8.66
2,254,648.47,1634.62,1444.56,541.89,49.76,8.71
2,255,648.01,1600.82,1413.04,545.02,48.8,8.52
2,256,650.33,1623.8,1403.52,543.67,49.91,8.83
2,257,648.96,1652.66,1421.26,544.25,47.43,8.56
2,258,649.07,1606.37,1457.0,544.86,49.52,8.71
2,259,650.4,1611.65,1459.7,543.44,49.8,8.57
2,260,649.84,1631.2,1449.47,543.05,50.3,8.62
2,261,649.82,1626.04,1455.13,544.13,48.73,8.6
2,262,651.3,1629.17,1450.39,542.19,49.65,8.62
2,263,649.02,1631.82,1421.61,542.1,48.82,8.63
2,264,650.4,1634.63,1449.09,545.0,49.83,8.63
2,265,649.72,1643.15,1458.98,541.8,48.86,8.79
2,266,649.96,1631.47,1458.28,544.85,49.29,8.57
2,267,651.13,1620.39,1470.18,544.42,48.79,8.73
2,268,650.3,1636.78,1458.03,540.48,50.26,8.85
2,269,650.39,1659.08,1448.95,542.25,50.46,8.64
2,270,650.93,1623.01,1468.78,545.53,49.5,8.62
2,271,649.69,1607.92,1439.4,541.51,49.76,8.68
2,272,649.31,1646.28,1416.1,542.37,48.41,8.85
2,273,649.17,1623.96,1436.18,544.0,49.48,8.74
2,274,648.36,1585.75,1420.08,544.53,49.73,8.65
2,275,652.21,1642.75,1422.16,542.51,52.27,8.78
2,276,649.27,1616.78,1437.48,541.76,48.75,8.58
2,277,650.17,1625.52,1419.03,545.56,51.24,8.81
2,278,650.18,1633.98,1433.25,546.12,50.81,8.77
2,279,650.81,1631.54,1386.84,544.58,50.14,8.68
2,280,651.37,1642.11,1449.16,542.75,51.62,8.61
2,281,651.49,1619.66,1443.17,540.88,50.27,8.61
2,282,650.1,1638.95,1418.78,540.74,50.31,8.8
2,283,650.58,1623.62,1463.83,543.39,49.88,8.9
2,284,651.1,1644.3,1472.86,543.11,51.2,8.65
2,285,650.62,1642.15,1394.58,545.06,51.1,8.8
2,286,652.61,1610.24,1420.86,543.44,49.33,8.45
2,287,651.52,1652.81,1420.77,538.84,48.61,8.66
3,1,641.99,1585.3,1390.36,553.76,47.82,8.42
3,2,641.73,1600.41,1417.21,555.19,47.68,8.48
3,3,641.72,1584.87,1388.49,553.5,48.19,8.42
3,4,641.8,1586.69,1401.73,553.66,47.06,8.41
3,5,642.09,1591.26,1409.1,553.9,47.88,8.41
3,6,641.95,1582.83,1388.76,554.49,47.85,8.37
3,7,641.34,1587.69,1401.73,554.11,47.21,8.46
3,8,641.38,1591.98,1408.53,553.2,47.81,8.37
3,9,641.84,1588.1,1400.23,553.65,47.61,8.39
3,10,642.17,1589.56,1425.96,553.6,47.44,8.36
3,11,641.21,1586.98,1385.15,553.91,47.26,8.44
3,12,641.89,1581.09,1409.73,554.2,47.3,8.44
3,13,641.89,1592.14,1398.68,554.19,48.13,8.43
3,14,642.47,1600.77,1407.22,552.86,47.52,8.4
3,15,641.95,1590.39,1404.29,554.55,47.75,8.4
3,16,642.19,1591.67,1393.76,554.06,47.28,8.46
3,17,642.12,1594.52,1402.47,554.72,47.29,8.42
3,18,641.45,1582.79,1383.73,554.15,47.85,8.46
3,19,642.33,1600.67,1405.94,554.53,47.12,8.41
3,20,642.18,1591.71,1403.25,554.13,47.41,8.45
3,21,642.28,1600.34,1406.37,554.64,47.54,8.5
3,22,643.31,1586.21,1410.2,554.13,47.57,8.47
3,23,641.52,1601.57,1404.05,553.74,47.49,8.43
3,24,642.68,1595.37,1402.14,555.15,47.66,8.46
3,25,642.09,1594.1,1392.95,554.3,47.76,8.44
3,26,642.28,1592.25,1394.54,554.09,47.77,8.45
3,27,642.19,1589.42,1411.7,552.96,47.26,8.43
3,28,642.09,1598.18,1414.03,552.93,47.48,8.44
3,29,642.07,1591.89,1399.04,553.86,47.92,8.46
3,30,642.35,1579.32,1401.68,553.75,47.84,8.41
3,31,641.81,1584.5,1393.21,553.27,47.16,8.41
3,32,642.51,1590.16,1411.99,553.7,47.69,8.39
3,33,642.18,1593.22,1407.52,554.55,46.99,8.39
3,34,641.99,1591.1,1419.09,553.98,47.6,8.4
3,35,642.21,1598.84,1393.82,552.86,48.16,8.46
3,36,642.74,1579.91,1398.42,553.45,47.32,8.42
3,37,642.22,1592.57,1404.01,553.0,47.36,8.47
3,38,642.51,1580.89,1407.85,553.23,47.84,8.45
3,39,642.21,1596.46,1400.2,553.18,47.16,8.38
3,40,642.68,1591.43,1394.39,553.11,47.44,8.48
3,41,642.68,1594.62,1410.29,552.62,47.81,8.49
3,42,643.05,1587.02,1408.97,553.26,47.45,8.42
3,43,642.47,1599.99,1394.35,552.97,47.57,8.47
3,44,642.74,1598.67,1414.92,551.52,47.87,8.42
3,45,642.6,1596.03,1413.38,554.47,47.78,8.46
3,46,642.98,1591.86,1404.18,553.86,47.75,8.41
3,47,642.4,1596.24,1403.82,552.95,47.57,8.39
3,48,642.87,1588.63,1408.22,553.15,47.79,8.45
3,49,642.62,1598.13,1395.62,552.4,47.65,8.46
3,50,642.68,1603.02,1403.78,554.08,47.83,8.45
3,51,642.76,1599.67,1384.28,554.16,47.55,8.42
3,52,642.84,1589.0,1411.69,553.08,47.66,8.45
3,53,642.75,1595.68,1389.89,553.56,47.42,8.48
3,54,642.88,1585.88,1417.63,553.01,47.72,8.47
3,55,643.32,1597.21,1401.28,552.07,47.49,8.48
3,56,643.18,1596.62,1402.5,552.58,47.41,8.44
3,57,643.17,1582.84,1398.91,552.86,47.83,8.52
3,58,642.81,1587.23,1402.13,552.47,47.83,8.42
3,59,642.71,1592.65,1417.66,552.57,48.01,8.49
3,60,643.3,1592.69,1382.67,552.6,47.65,8.52
3,61,643.31,1587.39,1416.72,552.56,47.91,8.49
3,62,643.52,1597.13,1408.44,552.59,47.97,8.47
3,63,642.93,1596.46,1394.71,551.88,47.94,8.46
3,64,643.08,1593.95,1396.07,552.04,47.57,8.52
3,65,642.69,1590.74,1421.02,551.65,47.87,8.42
3,66,643.11,1601.73,1397.61,552.96,47.95,8.44
3,67,643.56,1605.54,1395.92,551.06,47.85,8.47
3,68,643.16,1592.87,1416.73,552.96,47.23,8.53
3,69,643.53,1592.27,1409.73,553.05,47.92,8.5
3,70,643.32,1599.06,1398.44,551.98,48.55,8.45
3,71,643.51,1594.15,1409.03,550.55,47.79,8.47
3,72,643.11,1595.64,1398.05,551.84,47.69,8.46
3,73,643.52,1601.09,1417.39,551.97,48.03,8.46
3,74,642.64,1585.38,1417.24,551.34,48.02,8.53
3,75,643.52,1604.93,1412.69,551.58,48.3,8.44
3,76,643.13,1597.65,1411.37,552.75,47.57,8.56
3,77,644.03,1594.93,1424.18,552.18,48.18,8.53
3,78,643.94,1597.06,1408.54,551.17,48.15,8.54
3,79,643.89,1597.57,1398.13,550.7,47.94,8.48
3,80,644.25,1587.6,1413.03,551.41,48.1,8.49
3,81,643.56,1607.16,1427.99,551.41,48.32,8.44
3,82,644.41,1598.64,1400.31,551.78,48.29,8.48
3,83,644.21,1601.26,1406.42,551.1,47.69,8.52
3,84,643.91,1604.52,1413.66,551.66,48.3,8.56
3,85,644.37,1592.89,1409.66,552.46,48.04,8.46
3,86,643.75,1602.07,1401.55,551.72,48.1,8.49
3,87,643.88,1597.84,1420.73,551.14,48.11,8.5
3,88,643.99,1604.75,1431.76,550.99,48.06,8.46
3,89,644.07,1587.13,1412.89,550.82,48.48,8.54
3,90,643.96,1599.52,1403.24,551.67,48.11,8.49
3,91,644.69,1596.72,1397.69,550.52,47.81,8.51
3,92,644.3,1603.16,1414.21,550.86,48.04,8.5
3,93,644.54,1603.62,1422.08,550.79,48.23,8.49
3,94,644.31,1596.79,1416.69,550.39,48.56,8.52
3,95,643.99,1596.99,1412.65,549.8,48.39,8.52
3,96,644.67,1600.84,1407.64,550.74,47.96,8.51
3,97,644.07,1596.37,1403.39,550.44,48.98,8.5
3,98,644.68,1607.04,1421.0,550.7,48.33,8.54
3,99,644.34,1600.02,1421.99,550.01,48.65,8.6
3,100,645.41,1585.04,1400.13,550.99,48.23,8.54
3,101,645.14,1600.49,1428.64,549.65,48.46,8.58
3,102,644.95,1596.76,1419.78,551.13,48.56,8.48
3,103,645.36,1593.46,1427.5,548.98,48.69,8.55
3,104,644.78,1596.08,1403.11,550.21,48.66,8.5
3,105,645.26,1604.42,1403.19,550.16,48.62,8.48
3,106,645.22,1612.0,1414.44,549.31,48.28,8.52
3,107,645.3,1606.17,1420.6,549.97,48.22,8.59
3,108,645.66,1600.92,1432.55,550.4,48.51,8.59
3,109,645.56,1607.57,1423.04,548.22,48.71,8.56
3,110,645.49,1602.35,1414.81,549.77,48.38,8.49
3,111,644.96,1601.21,1408.07,547.89,48.78,8.55
3,112,645.24,1598.73,1428.69,548.72,48.91,8.57
3,113,645.55,1595.43,1409.25,550.2,48.22,8.57
3,114,645.68,1603.88,1432.91,548.78,48.26,8.49
3,115,645.38,1607.46,1416.01,548.34,48.49,8.53
3,116,646.5,1606.22,1433.21,548.84,48.64,8.56
3,117,646.3,1604.59,1425.34,550.11,48.41,8.59
3,118,646.09,1601.71,1418.32,547.69,48.99,8.48
3,119,646.0,1611.33,1415.21,548.07,48.73,8.57
3,120,645.98,1600.07,1417.16,549.51,48.64,8.58
3,121,645.83,1612.93,1424.42,549.63,48.21,8.61
3,122,646.2,1602.57,1421.6,548.36,48.27,8.61
3,123,646.33,1604.37,1415.9,547.59,48.76,8.6
3,124,645.95,1600.39,1420.1,549.5,48.06,8.55
3,125,646.49,1606.5,1422.65,549.1,49.02,8.51
3,126,646.41,1615.86,1402.51,548.47,48.69,8.57
3,127,645.91,1613.47,1427.1,547.43,49.81,8.63
3,128,646.31,1617.06,1413.08,547.83,49.56,8.66
3,129,646.53,1614.45,1411.2,547.65,48.73,8.63
3,130,647.44,1603.03,1405.23,547.91,48.78,8.62
3,131,647.03,1608.91,1403.67,548.67,49.22,8.62
3,132,646.37,1605.61,1408.47,548.17,49.53,8.57
3,133,647.17,1622.93,1416.17,546.5,48.21,8.6
3,134,646.39,1602.33,1449.92,548.44,48.15,8.7
3,135,647.59,1620.54,1418.73,547.45,48.65,8.56
3,136,646.98,1621.12,1428.37,547.69,49.21,8.71
3,137,647.23,1630.39,1431.93,548.33,49.19,8.6
3,138,647.98,1609.86,1428.62,545.81,49.5,8.7
3,139,646.79,1621.12,1425.99,546.73,48.42,8.53
3,140,646.8,1637.53,1409.41,546.12,47.86,8.66
3,141,647.28,1608.4,1450.52,544.93,49.5,8.58
3,142,648.22,1598.8,1457.23,546.82,48.63,8.53
3,143,646.91,1594.95,1401.1,549.09,47.99,8.65
3,144,646.24,1623.89,1411.88,544.17,49.2,8.71
3,145,647.65,1594.59,1424.7,546.09,49.6,8.57
3,146,648.31,1612.22,1412.89,546.77,49.09,8.52
3,147,648.79,1622.25,1439.5,546.06,48.91,8.63
3,148,647.87,1619.63,1417.28,545.66,49.11,8.64
3,149,647.98,1623.08,1472.17,544.05,49.0,8.69
3,150,649.06,1620.96,1454.64,545.87,48.39,8.73
3,151,647.17,1635.32,1436.23,544.46,48.81,8.65
3,152,648.23,1606.03,1453.18,542.4,49.65,8.82
3,153,648.71,1609.92,1455.67,546.87,49.55,8.68
3,154,648.98,1608.78,1421.45,546.46,49.47,8.63
3,155,648.38,1631.86,1416.24,545.08,48.66,8.51
3,156,648.86,1633.5,1435.89,545.22,49.27,8.64
3,157,647.08,1627.47,1453.82,546.36,47.81,8.64
3,158,648.51,1639.08,1438.22,544.99,49.58,8.77
3,159,649.45,1603.4,1399.05,545.93,50.57,8.72
3,160,648.42,1648.12,1417.06,543.95,48.34,8.56
3,161,649.33,1646.69,1434.63,546.39,49.05,8.7
3,162,649.73,1634.72,1435.01,544.69,49.82,8.76
3,163,649.18,1652.62,1486.23,544.37,50.61,8.86
3,164,649.7,1595.73,1402.83,541.79,49.22,8.79
3,165,648.82,1615.03,1451.2,544.29,49.03,8.78
3,166,649.56,1611.63,1477.5,542.23,47.94,8.7
3,167,650.37,1637.55,1499.3,542.43,49.77,8.75
3,168,650.07,1606.41,1428.76,541.97,51.53,8.85
3,169,649.49,1639.45,1453.53,541.36,49.98,8.55
3,170,650.32,1651.41,1456.39,547.1,49.73,8.67
3,171,650.88,1639.55,1446.57,545.55,50.08,8.62
3,172,648.36,1632.34,1438.73,546.58,49.8,8.77
3,173,651.53,1608.27,1454.67,540.43,49.05,8.88
3,174,650.17,1611.2,1368.06,542.8,50.67,8.65
3,175,651.03,1653.08,1463.35,539.96,50.11,8.41
3,176,651.91,1644.38,1447.32,541.0,49.93,8.67
3,177,649.4,1628.31,1437.18,540.39,48.95,8.86
3,178,650.16,1620.89,1508.12,544.7,51.32,8.81
3,179,650.7,1587.46,1423.74,541.17,50.7,8.8
4,1,641.92,1589.04,1407.56,552.3,47.26,8.39
4,2,641.62,1587.1,1387.79,553.99,47.52,8.47
4,3,642.16,1584.21,1391.9,553.93,47.71,8.43
4,4,641.75,1588.96,1391.34,553.72,47.46,8.44
4,5,642.66,1592.97,1409.74,555.03,47.85,8.5
4,6,642.18,1589.97,1408.52,553.46,47.66,8.44
4,7,641.83,1591.88,1404.43,554.45,46.85,8.45
4,8,641.83,1600.93,1409.71,554.2,47.34,8.39
4,9,641.99,1588.01,1392.16,554.74,47.34,8.43
4,10,641.95,1591.75,1403.23,553.58,47.65,8.46
4,11,642.36,1587.04,1398.98,553.53,46.72,8.38
4,12,642.08,1585.04,1407.75,554.62,48.27,8.45
4,13,641.81,1586.63,1399.12,554.21,47.67,8.45
4,14,642.6,1587.29,1396.71,553.03,47.55,8.44
4,15,642.06,1592.34,1405.07,553.62,47.87,8.48
4,16,642.28,1604.3,1408.12,554.17,48.22,8.45
4,17,641.87,1585.94,1394.25,554.43,47.78,8.5
4,18,642.17,1587.76,1399.74,553.51,47.8,8.4
4,19,642.16,1589.91,1390.8,552.16,47.56,8.45
4,20,641.51,1592.7,1377.88,554.22,47.48,8.45
4,21,642.68,1591.94,1402.2,553.16,47.38,8.4
4,22,642.47,1598.09,1405.92,552.67,47.28,8.48
4,23,641.98,1575.87,1402.84,552.17,47.32,8.54
4,24,641.77,1576.14,1382.98,554.35,47.12,8.44
4,25,642.22,1587.53,1397.41,553.93,47.51,8.46
4,26,642.15,1597.13,1380.65,553.7,47.03,8.45
4,27,642.24,1581.19,1412.99,554.66,47.59,8.42
4,28,642.2,1572.58,1390.93,554.19,47.53,8.37
4,29,642.3,1594.1,1412.06,554.77,47.59,8.42
4,30,642.6,1592.19,1409.33,552.95,47.39,8.39
4,31,642.34,1584.23,1392.76,553.75,48.47,8.51
4,32,641.87,1584.91,1390.73,552.78,47.96,8.44
4,33,642.61,1585.06,1404.14,553.6,47.18,8.43
4,34,642.7,1591.59,1393.45,553.57,47.63,8.48
4,35,643.17,1587.23,1402.03,554.08,47.38,8.4
4,36,641.9,1594.01,1396.83,553.71,47.26,8.42
4,37,642.32,1573.97,1385.21,554.04,47.17,8.45
4,38,641.64,1586.02,1381.23,554.07,47.7,8.49
4,39,642.44,1584.47,1403.42,554.93,47.37,8.47
4,40,642.13,1589.75,1396.39,553.42,47.87,8.46
4,41,642.88,1588.12,1396.54,553.03,47.88,8.45
4,42,642.09,1596.21,1407.86,553.72,48.0,8.47
4,43,641.83,1580.33,1412.23,553.07,47.34,8.46
4,44,642.21,1591.83,1399.3,554.42,47.74,8.41
4,45,641.77,1594.98,1398.77,553.34,47.79,8.45
4,46,642.61,1602.84,1406.42,553.15,47.46,8.41
4,47,641.78,1588.89,1389.79,553.18,47.38,8.46
4,48,642.43,1593.8,1404.09,553.88,48.1,8.43
4,49,641.81,1581.11,1407.14,553.33,47.69,8.56
4,50,642.36,1577.66,1408.38,553.01,47.82,8.45
4,51,642.96,1597.16,1384.92,554.37,47.38,8.4
4,52,642.6,1592.14,1395.59,552.83,47.27,8.45
4,53,642.25,1599.33,1394.64,553.34,47.47,8.48
4,54,642.52,1584.11,1403.54,553.69,47.61,8.52
4,55,642.55,1595.55,1407.06,552.29,47.33,8.43
4,56,642.71,1603.74,1416.31,553.53,47.65,8.4
4,57,642.18,1595.13,1398.49,552.58,47.16,8.49
4,58,642.79,1594.37,1398.57,553.68,47.33,8.41
4,59,641.82,1592.85,1413.5,552.58,47.88,8.44
4,60,642.46,1583.47,1405.93,553.55,47.86,8.45
4,61,642.53,1601.13,1414.78,553.77,47.57,8.46
4,62,642.89,1589.43,1406.08,553.59,47.39,8.49
4,63,642.73,1596.22,1393.18,553.19,47.39,8.44
4,64,642.32,1583.92,1391.71,552.87,47.59,8.45
4,65,642.47,1586.32,1389.86,552.63,47.91,8.46
4,66,642.85,1602.11,1409.9,553.83,48.0,8.47
4,67,642.79,1591.53,1414.76,552.5,47.58,8.47
4,68,642.66,1602.44,1420.83,552.26,47.39,8.49
4,69,642.72,1593.36,1411.9,553.25,47.82,8.5
4,70,643.1,1582.89,1414.9,552.34,47.5,8.49
4,71,642.76,1599.41,1399.34,552.21,47.6,8.49
4,72,642.91,1590.63,1394.28,551.88,48.16,8.41
4,73,643.62,1598.48,1412.47,552.42,48.02,8.47
4,74,642.56,1594.56,1408.71,552.63,47.82,8.49
4,75,642.46,1585.27,1406.06,552.79,47.4,8.5
4,76,643.28,1595.63,1408.71,553.18,47.85,8.45
4,77,642.87,1607.95,1408.27,552.89,48.12,8.45
4,78,643.01,1597.85,1417.06,552.42,47.69,8.45
4,79,642.9,1594.67,1417.3,552.38,48.22,8.5
4,80,643.08,1601.6,1410.69,552.76,48.21,8.52
4,81,643.67,1596.54,1413.55,553.18,48.33,8.46
4,82,643.46,1596.67,1410.71,552.45,47.93,8.52
4,83,643.51,1588.99,1402.08,552.06,48.02,8.49
4,84,642.85,1597.08,1413.19,551.7,48.28,8.48
4,85,642.96,1602.02,1393.99,551.39,48.0,8.48
4,86,642.49,1590.93,1416.18,552.62,47.72,8.51
4,87,643.13,1604.64,1396.1,552.52,47.75,8.5
4,88,643.69,1595.68,1409.58,552.48,47.96,8.58
4,89,643.59,1591.04,1399.56,552.01,47.51,8.45
4,90,643.4,1602.5,1412.31,552.89,47.86,8.51
4,91,643.49,1594.94,1407.19,551.71,48.25,8.47
4,92,643.33,1601.37,1393.31,552.53,47.27,8.46
4,93,643.63,1595.21,1411.61,551.89,48.4,8.49
4,94,643.83,1596.75,1402.79,551.5,48.28,8.5
4,95,643.15,1600.22,1416.1,552.18,47.82,8.61
4,96,643.76,1599.16,1408.35,552.02,48.13,8.49
4,97,643.98,1585.6,1412.07,551.94,47.97,8.45
4,98,643.61,1591.0,1400.07,551.73,48.35,8.51
4,99,643.98,1603.46,1403.56,551.61,48.29,8.42
4,100,644.65,1597.25,1404.92,553.02,47.58,8.5
4,101,643.81,1595.06,1416.94,552.25,48.19,8.5
4,102,644.0,1590.22,1424.51,551.92,47.96,8.53
4,103,643.7,1592.06,1402.35,551.51,48.06,8.54
4,104,644.01,1586.57,1419.48,551.99,47.83,8.49
4,105,644.13,1598.26,1390.45,551.65,48.58,8.5
4,106,644.09,1595.45,1399.42,551.3,48.38,8.48
4,107,643.77,1593.41,1401.73,551.06,47.85,8.46
4,108,644.17,1598.97,1398.38,551.14,47.69,8.52
4,109,644.59,1601.74,1396.5,549.23,47.98,8.46
4,110,644.32,1612.29,1414.67,551.21,48.24,8.5
4,111,644.52,1590.84,1409.22,550.73,48.19,8.47
4,112,644.2,1607.05,1414.77,551.93,48.51,8.54
4,113,644.54,1606.11,1417.77,550.93,48.38,8.59
4,114,644.44,1595.78,1414.15,550.15,48.44,8.47
4,115,644.11,1601.86,1417.89,550.78,48.26,8.45
4,116,644.53,1598.08,1411.55,550.13,47.76,8.52
4,117,644.18,1602.13,1401.7,550.98,48.13,8.52
4,118,644.33,1610.25,1422.12,550.81,48.52,8.53
4,119,644.62,1605.02,1407.51,551.16,48.2,8.51
4,120,644.7,1604.63,1404.61,550.05,48.37,8.52
4,121,644.29,1599.19,1411.65,550.49,48.14,8.54
4,122,645.01,1593.07,1405.25,549.59,47.94,8.57
4,123,644.91,1600.92,1409.93,550.77,48.22,8.45
4,124,644.57,1609.61,1417.01,550.6,48.37,8.52
4,125,644.37,1593.41,1417.27,550.53,48.09,8.54
4,126,644.83,1596.44,1406.29,550.17,48.23,8.5
4,127,644.79,1603.73,1410.21,550.36,48.03,8.61
4,128,645.0,1597.27,1424.49,551.01,48.66,8.51
4,129,644.9,1598.63,1419.53,549.81,48.25,8.54
4,130,644.46,1601.05,1433.97,550.01,48.79,8.56
4,131,644.99,1595.61,1426.15,549.21,48.82,8.52
4,132,645.06,1598.17,1426.07,549.27,48.35,8.47
4,133,645.39,1608.45,1403.52,549.79,48.09,8.53
4,134,645.04,1596.6,1423.12,550.33,47.78,8.59
4,135,645.8,1595.07,1416.01,549.45,47.97,8.54
4,136,644.77,1601.1,1411.78,549.4,48.02,8.52
4,137,645.79,1609.49,1418.5,549.23,48.86,8.59
4,138,645.38,1604.14,1425.74,549.08,48.49,8.54
4,139,645.75,1602.75,1421.99,549.51,48.59,8.54
4,140,645.57,1606.03,1409.83,548.37,47.82,8.56
4,141,645.94,1595.52,1424.67,549.97,48.14,8.59
4,142,645.53,1609.19,1412.51,548.74,48.78,8.66
4,143,645.37,1608.75,1420.45,549.5,48.61,8.6
4,144,646.18,1604.22,1416.03,548.23,48.5,8.61
4,145,645.77,1612.95,1417.06,549.33,48.73,8.55
4,146,645.92,1600.38,1426.19,549.26,49.06,8.53
4,147,646.28,1614.15,1410.19,549.02,48.52,8.57
4,148,645.65,1608.55,1437.33,548.12,48.62,8.58
4,149,646.2,1605.84,1403.7,548.79,48.67,8.53
4,150,645.9,1607.98,1414.98,547.86,49.35,8.57
4,151,646.09,1607.7,1423.96,548.35,48.02,8.59
4,152,646.2,1615.91,1426.17,549.04,48.87,8.59
4,153,645.79,1602.37,1420.28,548.83,48.64,8.6
4,154,646.06,1604.5,1420.94,548.29,48.86,8.59
4,155,646.75,1615.54,1425.44,547.62,48.51,8.56
4,156,646.67,1606.0,1419.94,548.51,48.71,8.57
4,157,646.44,1615.41,1435.27,548.06,48.96,8.54
4,158,646.6,1621.0,1430.68,546.48,49.76,8.67
4,159,646.48,1607.66,1431.58,548.42,49.04,8.59
4,160,647.1,1615.28,1413.2,547.81,48.5,8.58
4,161,646.62,1602.66,1422.61,548.6,48.65,8.55
4,162,646.83,1616.64,1420.45,546.87,48.65,8.74
4,163,647.24,1612.88,1412.66,545.19,48.16,8.55
4,164,646.57,1615.31,1428.54,547.73,48.72,8.58
4,165,647.55,1606.74,1418.19,547.66,49.16,8.63
4,166,646.36,1598.51,1433.02,545.96,48.36,8.64
4,167,647.74,1616.68,1411.68,546.44,49.34,8.66
4,168,646.95,1594.82,1447.89,549.58,49.13,8.71
4,169,647.06,1610.15,1413.89,546.84,48.61,8.64
4,170,646.37,1621.83,1429.15,547.69,48.89,8.55
4,171,647.08,1615.31,1437.56,546.34,49.72,8.6
4,172,646.86,1632.43,1418.58,544.86,49.34,8.64
4,173,647.12,1624.11,1439.6,546.61,49.01,8.76
4,174,647.41,1607.81,1408.93,546.43,48.9,8.53
4,175,648.03,1614.91,1450.01,546.2,49.08,8.71
4,176,647.71,1614.42,1428.25,546.41,48.79,8.64
4,177,647.83,1598.29,1418.79,546.72,47.95,8.69
4,178,647.14,1605.23,1423.77,546.19,50.21,8.62
4,179,647.31,1609.53,1442.5,544.86,49.2,8.57
4,180,648.89,1592.93,1419.36,546.73,49.35,8.69
4,181,647.5,1616.9,1416.63,543.84,49.11,8.69
4,182,648.97,1613.7,1426.05,543.59,48.73,8.72
4,183,647.91,1596.81,1409.06,546.81,49.07,8.64
4,184,648.13,1622.19,1464.1,546.45,48.22,8.6
4,185,648.86,1626.46,1420.37,545.67,50.64,8.52
4,186,649.07,1620.71,1447.15,543.88,48.46,8.72
4,187,648.26,1613.94,1435.71,544.65,48.59,8.69
4,188,648.14,1626.21,1412.56,545.13,48.99,8.57
4,189,648.43,1627.83,1432.2,543.25,50.16,8.61
4,190,648.76,1623.22,1448.66,544.28,49.32,8.62
4,191,649.22,1607.94,1429.11,546.1,48.48,8.52
4,192,648.67,1623.54,1458.5,547.11,50.23,8.59
4,193,649.18,1637.03,1455.58,544.41,49.89,8.56
4,194,650.0,1611.62,1454.04,546.01,49.78,8.63
4,195,649.16,1651.47,1424.26,542.01,49.94,8.6
4,196,649.19,1613.04,1410.55,545.72,51.22,8.51
4,197,647.87,1621.71,1421.16,543.42,51.11,8.88
4,198,647.07,1611.18,1440.01,545.01,48.94,8.81
4,199,649.47,1625.34,1448.62,544.06,50.76,8.6
4,200,649.16,1594.57,1384.59,546.44,49.81,8.71
4,201,648.9,1613.72,1436.36,542.85,49.93,8.73
4,202,649.58,1605.03,1440.79,545.18,48.17,8.82
4,203,649.41,1625.38,1430.41,543.59,49.43,8.6
4,204,650.48,1640.12,1470.08,543.69,48.91,8.81
4,205,649.68,1634.76,1448.76,543.55,50.32,8.63
4,206,649.04,1583.37,1472.18,542.31,50.55,8.54
4,207,650.62,1660.02,1433.13,543.64,47.85,8.78
4,208,649.64,1630.01,1463.95,543.45,49.66,8.85
4,209,650.38,1611.27,1483.33,543.89,50.7,9.01
4,210,649.55,1628.31,1475.49,543.51,49.55,8.56
4,211,649.46,1629.04,1410.29,544.72,50.41,8.79
4,212,650.21,1613.79,1433.62,544.87,50.08,8.66
4,213,650.22,1630.21,1431.34,541.08,50.1,8.81
4,214,650.74,1615.31,1455.37,544.6,49.54,8.53
4,215,650.11,1619.42,1461.6,540.57,48.66,8.56
4,216,648.66,1614.19,1417.77,543.88,48.76,8.62
4,217,650.1,1599.72,1444.61,543.86,50.56,8.73
4,218,651.39,1631.13,1382.77,538.73,49.91,8.64
4,219,650.38,1640.34,1486.88,542.61,49.77,8.82
4,220,650.51,1639.4,1428.17,541.37,49.5,8.87
4,221,651.85,1646.14,1445.92,540.65,49.64,8.82
4,222,650.18,1636.38,1434.95,544.91,51.07,8.96
4,223,649.38,1618.81,1481.1,540.63,49.65,8.8
5,1,641.64,1586.2,1403.69,553.26,47.45,8.47
5,2,642.41,1584.9,1397.52,554.83,46.63,8.43
5,3,641.82,1586.77,1401.04,553.18,48.0,8.54
5,4,642.28,1594.56,1404.16,553.87,47.23,8.45
5,5,642.48,1588.71,1398.35,553.36,47.65,8.43
5,6,642.15,1581.96,1399.14,554.32,47.48,8.41
5,7,641.57,1600.69,1398.17,553.78,47.88,8.48
5,8,641.75,1592.03,1408.85,553.66,47.63,8.48
5,9,642.43,1581.69,1403.92,554.47,47.44,8.42
5,10,641.99,1587.52,1402.17,553.97,47.24,8.46
5,11,642.07,1590.87,1388.79,554.25,47.75,8.38
5,12,642.28,1600.47,1396.86,553.34,46.95,8.45
5,13,642.27,1583.63,1408.4,553.07,47.71,8.46
5,14,642.16,1596.18,1400.71,553.97,47.19,8.51
5,15,642.02,1598.77,1406.36,553.7,47.9,8.41
5,16,642.0,1586.65,1416.38,554.25,47.58,8.39
5,17,642.37,1588.82,1409.89,553.81,47.72,8.41
5,18,642.29,1584.32,1401.45,553.96,47.56,8.39
5,19,642.06,1589.38,1396.08,552.85,47.01,8.5
5,20,642.47,1590.45,1377.77,554.93,47.28,8.51
5,21,642.13,1594.69,1399.31,553.68,47.75,8.46
5,22,641.93,1597.35,1397.97,554.18,47.6,8.49
5,23,641.97,1586.39,1404.5,553.23,47.91,8.45
5,24,641.92,1579.16,1399.69,553.9,47.68,8.44
5,25,642.15,1590.91,1398.29,552.91,47.28,8.43
5,26,642.62,1592.89,1385.25,553.93,47.33,8.44
5,27,642.03,1592.71,1392.91,553.42,47.61,8.39
5,28,642.35,1589.35,1405.76,553.63,46.89,8.46
5,29,642.12,1592.15,1417.02,554.0,48.09,8.45
5,30,642.26,1600.59,1400.81,552.81,47.73,8.48
5,31,641.91,1593.89,1404.75,553.11,47.97,8.46
5,32,642.32,1589.46,1410.49,553.76,47.13,8.45
5,33,642.35,1588.81,1394.74,554.71,47.99,8.42
5,34,642.6,1590.91,1405.47,553.34,48.29,8.46
5,35,642.53,1601.86,1395.63,553.74,47.23,8.48
5,36,642.13,1591.06,1410.21,553.29,47.87,8.41
5,37,642.84,1592.16,1403.93,554.48,47.64,8.46
5,38,642.6,1589.51,1405.39,552.23,47.19,8.47
5,39,642.63,1599.13,1395.81,553.3,47.81,8.43
5,40,642.6,1604.42,1409.36,552.23,47.92,8.44
5,41,642.47,1595.5,1421.91,551.66,47.49,8.47
5,42,642.73,1593.43,1394.23,553.3,48.03,8.42
5,43,642.84,1593.3,1400.41,553.16,47.19,8.48
5,44,642.2,1578.92,1405.71,552.86,47.25,8.43
5,45,642.6,1597.84,1410.87,552.92,47.75,8.51
5,46,642.72,1594.33,1398.93,554.8,47.73,8.56
5,47,642.9,1596.25,1378.64,552.74,47.51,8.43
5,48,643.22,1589.57,1416.55,553.16,47.98,8.49
5,49,642.67,1591.69,1411.34,552.41,47.91,8.44
5,50,642.79,1591.7,1389.0,552.93,48.02,8.51
5,51,642.82,1600.46,1399.4,552.56,47.73,8.42
5,52,642.77,1592.23,1419.18,552.4,47.96,8.49
5,53,642.95,1607.17,1418.29,553.69,47.66,8.44
5,54,643.32,1597.44,1413.91,553.25,48.42,8.47
5,55,642.82,1587.38,1404.08,552.57,47.57,8.44
5,56,643.3,1594.45,1406.62,551.05,48.46,8.51
5,57,642.71,1591.5,1404.91,552.16,47.85,8.45
5,58,643.09,1582.43,1416.46,553.94,47.44,8.5
5,59,643.21,1605.39,1398.64,552.12,48.27,8.47
5,60,643.85,1600.21,1399.49,552.86,47.91,8.48
5,61,643.31,1599.39,1416.06,553.01,48.14,8.49
5,62,642.78,1597.39,1406.8,552.21,48.27,8.46
5,63,642.89,1588.32,1419.84,551.51,48.01,8.5
5,64,643.54,1593.92,1401.63,550.49,47.75,8.55
5,65,643.77,1602.09,1407.42,552.3,48.23,8.46
5,66,643.74,1590.95,1399.86,551.34,47.95,8.54
5,67,643.73,1582.28,1408.47,551.86,48.17,8.56
5,68,644.08,1596.34,1395.35,550.94,47.34,8.47
5,69,643.62,1597.08,1404.53,551.46,48.13,8.44
5,70,644.1,1598.97,1396.25,551.57,47.82,8.51
5,71,643.4,1602.76,1415.69,551.64,48.52,8.48
5,72,643.67,1602.46,1416.16,550.74,48.23,8.58
5,73,643.45,1600.43,1394.41,552.06,48.13,8.51
5,74,643.97,1606.29,1422.26,550.91,48.22,8.48
5,75,644.09,1590.25,1433.01,550.19,47.79,8.46
5,76,644.2,1602.64,1411.23,551.05,48.59,8.56
5,77,644.24,1603.63,1405.34,551.06,48.71,8.49
5,78,644.0,1592.69,1436.81,551.06,48.25,8.52
5,79,644.28,1591.37,1399.82,551.7,48.63,8.56
5,80,643.95,1596.18,1412.17,550.66,48.0,8.5
5,81,644.87,1596.95,1413.91,550.65,47.94,8.52
5,82,644.43,1605.72,1424.7,549.98,48.21,8.52
5,83,644.43,1597.78,1416.14,551.05,48.35,8.55
5,84,645.12,1596.61,1408.73,550.59,48.12,8.55
5,85,644.33,1598.36,1404.97,550.14,48.41,8.52
5,86,644.43,1609.03,1410.78,549.16,48.36,8.53
5,87,644.51,1602.68,1405.11,551.09,47.99,8.52
5,88,644.88,1601.82,1414.94,549.4,48.46,8.48
5,89,645.1,1602.53,1409.76,549.69,48.58,8.55
5,90,645.26,1611.24,1401.73,550.17,48.39,8.62
5,91,645.87,1599.29,1426.81,549.15,48.71,8.51
5,92,644.5,1611.99,1411.37,548.88,48.02,8.51
5,93,645.42,1605.66,1404.79,548.41,48.54,8.51
5,94,645.14,1603.75,1415.04,550.02,48.07,8.58
5,95,645.2,1620.03,1417.52,549.17,48.1,8.57
5,96,645.27,1599.01,1401.54,551.15,48.27,8.55
5,97,645.25,1603.54,1420.61,548.7,48.2,8.52
5,98,646.1,1598.6,1408.56,548.65,48.33,8.56
5,99,645.92,1612.03,1433.76,548.77,48.46,8.5
5,100,645.75,1616.78,1423.45,549.15,48.79,8.57
5,101,646.23,1617.0,1415.51,548.62,48.47,8.6
5,102,645.44,1614.67,1412.78,549.17,48.11,8.52
5,103,645.58,1606.48,1418.93,548.11,48.95,8.51
5,104,645.4,1605.82,1425.77,547.77,48.37,8.64
5,105,645.92,1598.33,1420.42,547.41,48.63,8.55
5,106,646.26,1620.92,1419.09,547.05,48.8,8.63
5,107,646.32,1611.88,1421.97,547.97,48.75,8.58
5,108,646.41,1606.47,1416.41,547.99,49.04,8.58
5,109,646.02,1617.96,1419.08,547.68,48.88,8.61
5,110,646.79,1603.84,1402.38,548.76,48.48,8.55
5,111,646.7,1613.28,1433.02,548.68,49.52,8.6
5,112,646.96,1609.65,1426.69,547.5,48.87,8.58
5,113,646.08,1616.02,1415.27,546.29,48.77,8.53
5,114,646.99,1611.14,1446.48,547.07,49.23,8.62
5,115,646.47,1600.27,1425.83,546.91,48.98,8.59
5,116,646.87,1613.04,1412.12,546.73,49.07,8.6
5,117,647.36,1621.96,1436.87,546.55,50.01,8.54
5,118,647.26,1612.92,1431.49,546.45,48.82,8.71
5,119,646.91,1620.85,1432.08,546.56,48.82,8.67
5,120,647.4,1603.82,1420.77,546.19,49.06,8.68
5,121,646.72,1614.11,1434.2,546.9,49.56,8.6
5,122,648.17,1608.31,1423.81,546.94,48.27,8.51
5,123,647.56,1623.16,1437.24,545.47,48.02,8.77
5,124,648.38,1615.95,1397.37,547.72,48.78,8.63
5,125,647.56,1623.83,1421.9,545.09,48.2,8.58
5,126,647.64,1629.1,1459.82,544.19,48.9,8.67
5,127,647.58,1625.13,1416.44,546.4,49.48,8.73
5,128,648.68,1620.63,1419.56,544.81,48.66,8.64
5,129,647.79,1605.12,1422.69,546.09,48.33,8.76
5,130,648.75,1618.1,1408.08,542.45,49.3,8.74
5,131,648.18,1611.5,1388.23,547.27,49.86,8.56
5,132,647.19,1614.34,1427.94,546.21,48.16,8.6
5,133,648.23,1614.24,1435.97,543.08,49.91,8.75
5,134,647.89,1605.96,1432.51,542.93,49.95,8.41
5,135,648.85,1591.87,1430.97,547.33,50.09,8.65
5,136,648.04,1610.86,1435.6,543.67,50.33,8.53
5,137,649.73,1624.19,1458.47,543.36,51.13,8.63
5,138,649.06,1600.79,1431.24,540.97,49.21,8.65
5,139,649.1,1622.42,1422.55,543.79,49.6,8.64
5,140,649.87,1653.34,1429.9,543.84,49.2,8.63
5,141,650.24,1639.96,1451.56,545.25,49.57,8.57
5,142,649.54,1651.19,1473.36,541.58,50.89,8.95
5,143,649.0,1630.75,1422.16,541.18,48.48,8.91
5,144,648.22,1644.9,1441.43,544.43,48.91,8.56
5,145,649.27,1612.14,1448.4,545.29,50.91,8.89
5,146,649.43,1613.83,1412.98,540.51,50.64,8.66
5,147,650.19,1575.52,1441.04,545.2,49.41,8.73
5,148,649.88,1648.7,1399.82,543.13,50.58,8.71
5,149,650.97,1656.33,1390.99,544.99,50.14,8.63
5,150,649.83,1616.74,1452.81,542.63,51.3,8.85
5,151,650.49,1622.96,1431.36,537.64,49.95,8.74
5,152,651.84,1613.37,1449.35,542.16,50.93,8.66
5,153,651.12,1636.76,1443.3,544.47,52.62,8.56
5,154,650.82,1652.75,1414.14,540.31,50.59,8.61
5,155,650.37,1593.4,1443.57,541.19,50.05,8.51
