설비번호,시퀀스,컨베이어전류,회전A전류,회전B전류,펌프A전류,펌프B전류
1,1,0.0,0.0523,0.7037,0.0125,0.0
1,2,0.0,0.0523,0.7037,0.0115,0.0
1,3,0.0,0.0523,0.7037,0.0102,0.0
1,4,0.0,0.0523,0.7037,0.01,0.0
1,5,0.0,0.0523,0.7037,0.01,0.0
1,6,0.0,0.0522,0.7037,0.01,0.0
1,7,0.0,0.0523,0.7037,0.01,0.0
1,8,0.0,0.0523,0.7037,0.01,0.0
1,9,0.0,0.0523,0.7037,0.01,0.0
1,10,0.0,0.0523,0.7037,0.01,0.0
1,11,0.0,0.0518,0.7037,0.01,0.0
1,12,0.0,0.0523,0.7037,0.01,0.0
1,13,0.0,0.0523,0.7037,0.01,0.0
1,14,0.0,0.0523,0.7037,0.0101,0.0
1,15,0.0,0.0523,0.7037,0.0116,0.0
1,16,0.0,0.0523,0.7037,0.0132,0.0
1,17,0.0,0.0523,0.7037,0.0141,0.0
1,18,0.0,0.0523,0.7037,0.0141,0.0
1,19,0.0,0.0523,0.7037,0.0141,0.0
1,20,0.0,0.0523,0.7037,0.0141,0.0
1,21,0.0,0.0523,0.7037,0.0138,0.0
1,22,0.0,0.0523,0.7037,0.0125,0.0
1,23,0.0,0.0523,0.7037,0.0103,0.0
1,24,0.0,0.0523,0.7037,0.0101,0.0
1,25,0.0,0.0523,0.7037,0.0101,0.0
1,26,0.0,0.0523,0.7037,0.01,0.0
1,27,0.0,0.0522,0.7037,0.0101,0.0
1,28,0.0,0.0523,0.7037,0.0101,0.0
1,29,0.0,0.0523,0.7037,0.0101,0.0
1,30,0.0,0.0523,0.7037,0.0101,0.0
1,31,0.0,0.0523,0.7037,0.0108,0.0
1,32,0.0,0.0523,0.7037,0.0121,0.0
1,33,0.0,0.0523,0.7037,0.0133,0.0
1,34,0.0,0.0519,0.7037,0.014,0.0
1,35,0.0,0.0523,0.7037,0.0139,0.0
1,36,0.0,0.0523,0.7037,0.0139,0.0
1,37,0.0,0.0523,0.7037,0.0139,0.0
1,38,0.0,0.052,0.7037,0.0132,0.0
1,39,0.0,0.0523,0.7037,0.0116,0.0
1,40,0.0,0.0523,0.7037,0.0102,0.0
1,41,0.0,0.0523,0.7037,0.0101,0.0
1,42,0.0,0.0523,0.7037,0.0101,0.0
1,43,0.0,0.0504,0.6799,0.0101,0.0
1,44,0.0,0.0496,0.6723,0.0101,0.0
1,45,0.0,0.0496,0.6667,0.0101,0.0
1,46,0.0,0.0496,0.6688,0.0101,0.0
1,47,0.0,0.0496,0.6667,0.0101,0.0
1,48,0.0,0.0496,0.6751,0.0101,0.0
1,49,0.0,0.0496,0.6674,0.0101,0.0
1,50,0.0,0.0496,0.6701,0.0106,0.0
1,51,0.0,0.0496,0.6797,0.0109,0.0
1,52,0.0,0.0504,0.6932,0.0114,0.0
1,53,0.0,0.0501,0.6846,0.012,0.0
1,54,0.0,0.0496,0.6855,0.0129,0.0
1,55,0.0,0.0496,0.6709,0.0136,0.0
1,56,0.0,0.0496,0.6667,0.0141,0.0
1,57,0.0,0.0496,0.6688,0.0141,0.0
1,58,0.0,0.0496,0.6684,0.0141,0.0
1,59,0.0,0.0496,0.6667,0.0141,0.0
1,60,0.0,0.0496,0.6667,0.0137,0.0
1,61,0.0,0.0496,0.6756,0.0122,0.0
1,62,0.0,0.0496,0.6695,0.0104,0.0
1,63,0.0,0.0497,0.6904,0.0101,0.0
1,64,0.0,0.0508,0.7037,0.01,0.0
1,65,0.0,0.05,0.6941,0.01,0.0
1,66,0.0,0.05,0.6904,0.01,0.0
1,67,0.0,0.0499,0.696,0.01,0.0
1,68,0.0,0.0496,0.6914,0.01,0.0
1,69,0.0,0.0496,0.6799,0.01,0.0
1,70,0.0,0.0498,0.6855,0.01,0.0
1,71,0.0,0.0499,0.6981,0.01,0.0
1,72,0.0,0.0502,0.7037,0.01,0.0
1,73,0.0,0.0504,0.701,0.01,0.0
1,74,0.0,0.0506,0.7037,0.0101,0.0
1,75,0.0,0.0515,0.7037,0.0106,0.0
1,76,0.0,0.0523,0.7037,0.0111,0.0
1,77,0.0,0.0522,0.7037,0.0118,0.0
1,78,0.0,0.0522,0.7037,0.0125,0.0
1,79,0.0,0.0514,0.6988,0.013,0.0
1,80,0.0,0.0507,0.7016,0.0132,0.0
1,81,0.0,0.0514,0.7037,0.0133,0.0
1,82,0.0,0.051,0.7037,0.0131,0.0
1,83,0.0,0.0516,0.7037,0.0126,0.0
1,84,0.0,0.0513,0.7037,0.012,0.0
1,85,0.0,0.052,0.7037,0.0113,0.0
1,86,0.0,0.0522,0.7037,0.0101,0.0
1,87,0.0,0.0521,0.7037,0.01,0.0
1,88,0.0,0.0523,0.7037,0.01,0.0
1,89,0.0,0.0523,0.7037,0.01,0.0
1,90,0.0,0.0522,0.7037,0.01,0.0
1,91,0.0,0.0518,0.7037,0.01,0.0
1,92,0.0,0.0518,0.7037,0.01,0.0
1,93,0.0,0.052,0.7037,0.01,0.0
1,94,0.0,0.0521,0.7037,0.01,0.0
1,95,0.0,0.0522,0.7037,0.0102,0.0
1,96,0.0,0.0513,0.7037,0.0114,0.0
1,97,0.0,0.0521,0.7037,0.013,0.0
1,98,0.0,0.0523,0.7037,0.0139,0.0
1,99,0.0,0.0522,0.7037,0.0139,0.0
1,100,0.0,0.0523,0.7037,0.0138,0.0
1,101,0.0,0.0519,0.7037,0.0138,0.0
1,102,0.0,0.0522,0.7037,0.0138,0.0
1,103,0.0,0.0513,0.7037,0.0139,0.0
1,104,0.0,0.0517,0.7037,0.0139,0.0
1,105,0.0,0.0521,0.7037,0.0139,0.0
1,106,0.0,0.0513,0.7016,0.0125,0.0
1,107,0.0,0.0515,0.7037,0.0103,0.0
1,108,0.0,0.0523,0.7037,0.01,0.0
1,109,0.0,0.0518,0.7037,0.01,0.0
1,110,0.0,0.0518,0.7037,0.01,0.0
1,111,0.0,0.0503,0.6939,0.01,0.0
1,112,0.0,0.0507,0.7037,0.01,0.0
1,113,0.0,0.051,0.7037,0.01,0.0
1,114,0.0,0.0505,0.7001,0.01,0.0
1,115,0.0,0.051,0.7037,0.01,0.0
1,116,0.0,0.0517,0.7037,0.01,0.0
1,117,0.0,0.0521,0.7037,0.0101,0.0
1,118,0.0,0.0523,0.7037,0.01,0.0
1,119,0.0,0.0521,0.7037,0.0103,0.0
1,120,0.0,0.0519,0.7037,0.0113,0.0
1,121,0.0,0.0516,0.6996,0.0125,0.0
1,122,0.0,0.0518,0.7037,0.0134,0.0
1,123,0.0,0.0517,0.7037,0.0138,0.0
1,124,0.0,0.0517,0.7037,0.0139,0.0
1,125,0.0,0.0514,0.7037,0.0138,0.0
1,126,0.0,0.0512,0.7037,0.0134,0.0
1,127,0.0,0.0518,0.7037,0.0126,0.0
1,128,0.0,0.0523,0.7037,0.0112,0.0
1,129,0.0,0.0523,0.7037,0.0101,0.0
1,130,0.0,0.0523,0.7037,0.01,0.0
1,131,0.0,0.0523,0.7037,0.01,0.0
1,132,0.0,0.0514,0.703,0.01,0.0
1,133,0.0,0.0516,0.7037,0.01,0.0
1,134,0.0,0.0514,0.7037,0.01,0.0
1,135,0.0,0.0516,0.7037,0.01,0.0
1,136,0.0,0.0515,0.7037,0.01,0.0
1,137,0.0,0.0519,0.7037,0.01,0.0
1,138,0.0,0.0519,0.7037,0.01,0.0
1,139,0.0,0.0523,0.7037,0.01,0.0
1,140,0.0,0.0522,0.7037,0.01,0.0
1,141,0.0,0.052,0.7037,0.0109,0.0
1,142,0.0,0.0513,0.6996,0.0123,0.0
1,143,0.0,0.0519,0.7037,0.0137,0.0
1,144,0.0,0.0514,0.7037,0.0139,0.0
1,145,0.0,0.0517,0.7037,0.0139,0.0
1,146,0.0,0.0521,0.7037,0.0138,0.0
1,147,0.0,0.0513,0.7037,0.0139,0.0
1,148,0.0,0.0523,0.7037,0.0139,0.0
1,149,0.0,0.0523,0.7037,0.0132,0.0
1,150,0.0,0.0521,0.7037,0.0116,0.0
1,151,0.0,0.0523,0.7037,0.0101,0.0
1,152,0.0,0.052,0.703,0.01,0.0
1,153,0.0,0.0508,0.7016,0.01,0.0
1,154,0.0,0.0504,0.7037,0.01,0.0
1,155,0.0,0.0509,0.7037,0.01,0.0
1,156,0.0,0.0511,0.7037,0.0101,0.0
1,157,0.0,0.0506,0.703,0.0101,0.0
1,158,0.0,0.05,0.696,0.0101,0.0
1,159,0.0,0.0507,0.7037,0.0101,0.0
1,160,0.0,0.0508,0.6967,0.0101,0.0
1,161,0.0,0.0515,0.7037,0.0106,0.0
1,162,0.0,0.052,0.7037,0.0114,0.0
1,163,0.0,0.0512,0.7037,0.0123,0.0
1,164,0.0,0.0506,0.7016,0.0131,0.0
1,165,0.0,0.0504,0.7037,0.0135,0.0
1,166,0.0,0.0505,0.7009,0.0138,0.0
1,167,0.0,0.05,0.696,0.0138,0.0
1,168,0.0,0.0501,0.6958,0.0138,0.0
1,169,0.0,0.0508,0.7037,0.0133,0.0
1,170,0.0,0.051,0.7037,0.0127,0.0
1,171,0.0,0.0509,0.7037,0.012,0.0
1,172,0.0,0.0514,0.7037,0.0112,0.0
1,173,0.0,0.0503,0.6981,0.0102,0.0
1,174,0.0,0.0503,0.6995,0.01,0.0
1,175,0.0,0.0507,0.7037,0.01,0.0
1,176,0.0,0.0505,0.7009,0.01,0.0
1,177,0.0,0.05,0.6939,0.01,0.0
1,178,0.0,0.0498,0.6876,0.01,0.0
1,179,0.0,0.0501,0.6876,0.01,0.0
1,180,0.0,0.0522,0.7037,0.01,0.0
1,181,0.0,0.0506,0.6931,0.01,0.0
1,182,0.0,0.0503,0.6975,0.01,0.0
1,183,0.0,0.0496,0.6886,0.0102,0.0
1,184,0.0,0.0504,0.7037,0.0111,0.0
1,185,0.0,0.05,0.7037,0.0123,0.0
1,186,0.0,0.05,0.7037,0.0133,0.0
1,187,0.0,0.0519,0.7037,0.0139,0.0
1,188,0.0,0.0512,0.7009,0.0139,0.0
1,189,0.0,0.0507,0.7037,0.0138,0.0
1,190,0.0,0.0511,0.7037,0.0128,0.0
1,191,0.0,0.0514,0.7037,0.0108,0.0
1,192,0.0,0.051,0.7037,0.01,0.0
1,193,0.0,0.0514,0.7002,0.0099,0.0
1,194,0.0,0.0512,0.7037,0.0099,0.0
1,195,0.0,0.051,0.7037,0.0099,0.0
1,196,0.0,0.0512,0.7023,0.01,0.0
1,197,0.0,0.0505,0.6982,0.01,0.0
1,198,0.0,0.0506,0.7037,0.0099,0.0
1,199,0.0,0.0517,0.7037,0.0099,0.0
1,200,0.0,0.0516,0.7037,0.0099,0.0
1,201,0.0,0.0504,0.7037,0.01,0.0
1,202,0.0,0.0498,0.6893,0.01,0.0
1,203,0.0,0.0501,0.6953,0.01,0.0
1,204,0.0,0.052,0.7037,0.0103,0.0
1,205,0.0,0.0523,0.7037,0.0109,0.0
1,206,0.0,0.0514,0.7037,0.0117,0.0
1,207,0.0,0.0516,0.7037,0.0125,0.0
1,208,0.0,0.0508,0.7037,0.0134,0.0
1,209,0.0,0.0501,0.7016,0.0139,0.0
1,210,0.0,0.0496,0.6763,0.0139,0.0
1,211,0.0,0.0498,0.696,0.0139,0.0
1,212,0.0,0.0508,0.7037,0.0139,0.0
1,213,0.0,0.0514,0.7037,0.0138,0.0
1,214,0.0,0.0517,0.7037,0.0139,0.0
1,215,0.0,0.0517,0.7037,0.0135,0.0
1,216,0.0,0.0514,0.7015,0.0121,0.0
1,217,0.0,0.05,0.6911,0.0103,0.0
1,218,0.0,0.0498,0.7002,0.01,0.0
1,219,0.0,0.0503,0.7015,0.01,0.0
1,220,0.0,0.0498,0.6988,0.01,0.0
1,221,0.0,0.0499,0.7016,0.0099,0.0
1,222,0.0,0.0497,0.7037,0.01,0.0
1,223,0.0826,0.0496,0.6804,0.01,0.0
1,224,0.2559,0.0496,0.6806,0.01,0.0
1,225,0.2596,0.0496,0.6799,0.01,0.0
1,226,0.2582,0.0503,0.7037,0.01,0.0
1,227,0.2553,0.05,0.7037,0.01,0.0
1,228,0.2553,0.0498,0.703,0.01,0.0
1,229,0.2549,0.0497,0.6897,0.01,0.0
1,230,0.2552,0.0496,0.6765,0.0104,0.0
1,231,0.2553,0.0496,0.6845,0.0114,0.0
1,232,0.2553,0.0496,0.6834,0.0124,0.0
1,233,0.2553,0.0496,0.6996,0.0133,0.0
1,234,0.2553,0.0499,0.6911,0.0139,0.0
1,235,0.2553,0.0497,0.6941,0.0139,0.0
1,236,0.2553,0.0501,0.7037,0.0139,0.0
1,237,0.2553,0.0496,0.6939,0.0137,0.0
1,238,0.2553,0.0496,0.6907,0.0131,0.0
1,239,0.2553,0.0499,0.6967,0.012,0.0
1,240,0.0294,0.0505,0.7037,0.0104,0.0
1,241,0.0,0.0498,0.6953,0.01,0.0
1,242,0.0,0.0504,0.7037,0.01,0.0
1,243,0.0,0.0502,0.6968,0.01,0.0
1,244,0.1062,0.0501,0.7037,0.01,0.0
1,245,0.2482,0.0499,0.7037,0.01,0.0
1,246,0.2482,0.05,0.703,0.01,0.0
1,247,0.2482,0.0509,0.7037,0.01,0.0
1,248,0.2485,0.0509,0.7037,0.01,0.0
1,249,0.2489,0.0512,0.7037,0.01,0.0
1,250,0.2482,0.0496,0.6988,0.01,0.0
2,1,0.0,0.0496,0.7037,0.0,0.0
2,2,0.0,0.0496,0.7037,0.0,0.0
2,3,0.0,0.0496,0.7037,0.0,0.0
2,4,0.0,0.0496,0.7037,0.0,0.0
2,5,0.0,0.0496,0.7037,0.0,0.0
2,6,0.0,0.0496,0.7037,0.0,0.0
2,7,0.0,0.0496,0.7037,0.0,0.0
2,8,0.0,0.0496,0.7037,0.0,0.0
2,9,0.0,0.0496,0.7037,0.0,0.0
2,10,0.0,0.0496,0.7037,0.0,0.0
2,11,0.0,0.0496,0.7037,0.0,0.0
2,12,0.0,0.0496,0.7037,0.0,0.0
2,13,0.0,0.0496,0.7037,0.0,0.0
2,14,0.0,0.0496,0.7037,0.0,0.0
2,15,0.0,0.0497,0.7037,0.0,0.0
2,16,0.0,0.0497,0.7037,0.0,0.0
2,17,0.0,0.0496,0.7177,0.0,0.0
2,18,0.0,0.0496,0.7255,0.0,0.0
2,19,0.0,0.0496,0.7092,0.0,0.0
2,20,0.0,0.0496,0.7037,0.0,0.0
2,21,0.0,0.0496,0.7037,0.0,0.0
2,22,0.0,0.0496,0.7037,0.0,0.0
2,23,0.0,0.0496,0.7037,0.0,0.0
2,24,0.0,0.0496,0.7037,0.0,0.0
2,25,0.0,0.0496,0.7037,0.0,0.0
2,26,0.0,0.0496,0.7037,0.0,0.0
2,27,0.0,0.0496,0.7037,0.0,0.0
2,28,0.0,0.0496,0.7037,0.0,0.0
2,29,0.0,0.0496,0.7037,0.0,0.0
2,30,0.0,0.0496,0.7037,0.0,0.0
2,31,0.0,0.0501,0.7037,0.0,0.0
2,32,0.0,0.0511,0.7037,0.0,0.0
2,33,0.0,0.0523,0.7165,0.0,0.0
2,34,0.0,0.0523,0.7213,0.0,0.0
2,35,0.0,0.0523,0.7343,0.0,0.0
2,36,0.0,0.0523,0.7407,0.0,0.0
2,37,0.0,0.0523,0.7227,0.0,0.0
2,38,0.1362,0.0523,0.7261,0.0,0.0
2,39,0.0307,0.0523,0.7037,0.0,0.0
2,40,0.0,0.0523,0.7037,0.0,0.0
2,41,0.0,0.0523,0.7037,0.0,0.0
2,42,0.0,0.0523,0.7037,0.0,0.0
2,43,0.0,0.0523,0.7037,0.0,0.0
2,44,0.0,0.0523,0.7037,0.0,0.0
2,45,0.0,0.0523,0.7037,0.0,0.0
2,46,0.0,0.0523,0.7037,0.0,0.0
2,47,0.0,0.0523,0.7037,0.0,0.0
2,48,0.0,0.0523,0.7037,0.0,0.0
2,49,0.0,0.0523,0.7037,0.0,0.0
2,50,0.0,0.0523,0.7037,0.0,0.0
2,51,0.0,0.0523,0.7037,0.0,0.0
2,52,0.0,0.0523,0.7037,0.0,0.0
2,53,0.0,0.0523,0.7037,0.0,0.0
2,54,0.0,0.0523,0.7037,0.0,0.0
2,55,0.0,0.0523,0.7037,0.0,0.0
2,56,0.0,0.0523,0.7037,0.0,0.0
2,57,0.0,0.0523,0.7037,0.0,0.0
2,58,0.0,0.0523,0.7037,0.0,0.0
2,59,0.0,0.0523,0.7037,0.0,0.0
2,60,0.0,0.0523,0.7037,0.0,0.0
2,61,0.0,0.0523,0.7037,0.0,0.0
2,62,0.0,0.0523,0.7037,0.0,0.0
2,63,0.0,0.0523,0.7037,0.0,0.0
2,64,0.0,0.0523,0.7037,0.0,0.0
2,65,0.0,0.0523,0.7037,0.0,0.0
2,66,0.0,0.0523,0.7037,0.0,0.0
2,67,0.0,0.0523,0.7037,0.0,0.0
2,68,0.0,0.0523,0.7037,0.0,0.0
2,69,0.0,0.0523,0.7037,0.0,0.0
2,70,0.0,0.0523,0.7037,0.0,0.0
2,71,0.0,0.0523,0.7037,0.0,0.0
2,72,0.0,0.0523,0.7037,0.0,0.0
2,73,0.0,0.0523,0.7037,0.0,0.0
2,74,0.0,0.0523,0.7037,0.0,0.0
2,75,0.0,0.0523,0.7037,0.0,0.0
2,76,0.0,0.0523,0.7037,0.0,0.0
2,77,0.0,0.0523,0.7037,0.0,0.0
2,78,0.0,0.0523,0.7037,0.0,0.0
2,79,0.0,0.0523,0.7037,0.0,0.0
2,80,0.0,0.0523,0.7037,0.0,0.0
2,81,0.0,0.0523,0.7037,0.0,0.0
2,82,0.0,0.0523,0.7037,0.0,0.0
2,83,0.0,0.0523,0.7037,0.0,0.0
2,84,0.0,0.0523,0.7037,0.0,0.0
2,85,0.0,0.0523,0.7037,0.0,0.0
2,86,0.0,0.0523,0.7037,0.0,0.0
2,87,0.0,0.0523,0.7037,0.0,0.0
2,88,0.0,0.0523,0.7037,0.0,0.0
2,89,0.0,0.0523,0.7037,0.0,0.0
2,90,0.0,0.0523,0.7037,0.0,0.0
2,91,0.0,0.0523,0.7037,0.0,0.0
2,92,0.0,0.0523,0.7037,0.0,0.0
2,93,0.0,0.0523,0.7037,0.0,0.0
2,94,0.0,0.0523,0.7037,0.0,0.0
2,95,0.0,0.0523,0.7037,0.0,0.0
2,96,0.0,0.0523,0.7037,0.0,0.0
2,97,0.0,0.0523,0.7037,0.0,0.0
2,98,0.0,0.0523,0.7037,0.0,0.0
2,99,0.0,0.0523,0.7037,0.0,0.0
2,100,0.0,0.0523,0.7037,0.0,0.0
2,101,0.0,0.0523,0.7037,0.0,0.0
2,102,0.0,0.0523,0.7037,0.0,0.0
2,103,0.0,0.0523,0.7037,0.0,0.0
2,104,0.0,0.0523,0.7037,0.0,0.0
2,105,0.0,0.0523,0.7037,0.0,0.0
2,106,0.0,0.0523,0.7037,0.0,0.0
2,107,0.0,0.0523,0.7037,0.0,0.0
2,108,0.0,0.0523,0.7037,0.0,0.0
2,109,0.0,0.0523,0.7037,0.0,0.0
2,110,0.0,0.0523,0.7037,0.0,0.0
2,111,0.0,0.0523,0.7037,0.0,0.0
2,112,0.0,0.0523,0.7037,0.0,0.0
2,113,0.0,0.0523,0.7037,0.0,0.0
2,114,0.0,0.0523,0.7037,0.0,0.0
2,115,0.0,0.0523,0.7037,0.0,0.0
2,116,0.0,0.0523,0.7037,0.0,0.0
2,117,0.0,0.0523,0.7037,0.0,0.0
2,118,0.0,0.0523,0.7037,0.0,0.0
2,119,0.0,0.0523,0.7037,0.0,0.0
2,120,0.0,0.0523,0.7037,0.0,0.0
2,121,0.0,0.0523,0.7037,0.0,0.0
2,122,0.0,0.0523,0.7037,0.0,0.0
2,123,0.0,0.0523,0.7037,0.0,0.0
2,124,0.0,0.0523,0.7037,0.0,0.0
2,125,0.0,0.0523,0.7037,0.0,0.0
2,126,0.0,0.0523,0.7037,0.0,0.0
2,127,0.0,0.0523,0.7037,0.0,0.0
2,128,0.2306,0.0523,0.7037,0.0,0.0
2,129,0.1212,0.0523,0.7037,0.0,0.0
2,130,0.0,0.0523,0.7037,0.0,0.0
2,131,0.0,0.0523,0.7037,0.0,0.0
2,132,0.0,0.0523,0.7037,0.0,0.0
2,133,0.0,0.0523,0.7037,0.0,0.0
2,134,0.0,0.0523,0.7037,0.0,0.0
2,135,0.0,0.0523,0.7037,0.0,0.0
2,136,0.2602,0.0523,0.7037,0.0,0.0
2,137,0.2695,0.0523,0.7037,0.0,0.0
2,138,0.0301,0.0523,0.7037,0.0,0.0
2,139,0.0,0.0523,0.7037,0.0,0.0
2,140,0.0,0.0523,0.7037,0.0,0.0
2,141,0.0,0.0523,0.7037,0.0,0.0
2,142,0.0,0.0523,0.7037,0.0,0.0
2,143,0.0,0.0523,0.7037,0.0,0.0
2,144,0.0,0.0523,0.7037,0.0,0.0
2,145,0.0,0.0523,0.7037,0.0,0.0
2,146,0.0,0.0523,0.7037,0.0,0.0
2,147,0.0,0.0523,0.7037,0.0,0.0
2,148,0.0,0.0523,0.7037,0.0,0.0
2,149,0.0,0.0523,0.7037,0.0,0.0
2,150,0.0,0.0523,0.7037,0.0,0.0
2,151,0.0,0.0523,0.7037,0.0,0.0
2,152,0.0,0.0523,0.7037,0.0,0.0
2,153,0.0,0.0523,0.7037,0.0,0.0
2,154,0.0,0.0523,0.7037,0.0,0.0
2,155,0.0,0.0523,0.7037,0.0,0.0
2,156,0.0,0.0523,0.7037,0.0,0.0
2,157,0.0,0.0523,0.7037,0.0,0.0
2,158,0.0,0.0523,0.7037,0.0,0.0
2,159,0.0,0.0521,0.7037,0.0,0.0
2,160,0.0,0.0523,0.7037,0.0,0.0
2,161,0.0,0.0522,0.7037,0.0,0.0
2,162,0.0,0.0521,0.7037,0.0,0.0
2,163,0.0,0.0523,0.7037,0.0,0.0
2,164,0.0,0.052,0.7037,0.0,0.0
2,165,0.0,0.0509,0.7037,0.0,0.0
2,166,0.0,0.0518,0.7037,0.0,0.0
2,167,0.0,0.0519,0.7037,0.0,0.0
2,168,0.0,0.0508,0.7037,0.0,0.0
2,169,0.0,0.0509,0.7037,0.0,0.0
2,170,0.0,0.0514,0.7037,0.0,0.0
2,171,0.0,0.0523,0.7037,0.0,0.0
2,172,0.0,0.0521,0.7037,0.0,0.0
2,173,0.0,0.0512,0.7037,0.0,0.0
2,174,0.0,0.0508,0.7037,0.0,0.0
2,175,0.0,0.0523,0.7037,0.0,0.0
2,176,0.0,0.0518,0.7037,0.0,0.0
2,177,0.0,0.0509,0.7037,0.0,0.0
2,178,0.0,0.0523,0.7037,0.0,0.0
2,179,0.0,0.0521,0.7037,0.0,0.0
2,180,0.0,0.0517,0.7037,0.0,0.0
2,181,0.0,0.0521,0.7037,0.0,0.0
2,182,0.0,0.0521,0.7037,0.0,0.0
2,183,0.0,0.0523,0.7037,0.0,0.0
2,184,0.0,0.0523,0.7037,0.0,0.0
2,185,0.0,0.0519,0.7037,0.0,0.0
2,186,0.0,0.0523,0.7037,0.0,0.0
2,187,0.0,0.0523,0.7037,0.0,0.0
2,188,0.0,0.0523,0.7037,0.0,0.0
2,189,0.0,0.051,0.7037,0.0,0.0
2,190,0.0,0.0518,0.7037,0.0,0.0
2,191,0.0,0.0523,0.7037,0.0,0.0
2,192,0.0,0.0523,0.7037,0.0,0.0
2,193,0.0,0.0521,0.7037,0.0,0.0
2,194,0.0,0.052,0.7037,0.0,0.0
2,195,0.0,0.0521,0.7037,0.0,0.0
2,196,0.0,0.0523,0.7037,0.0,0.0
2,197,0.0,0.0518,0.7037,0.0,0.0
2,198,0.0,0.0519,0.7037,0.0,0.0
2,199,0.0,0.0513,0.7037,0.0,0.0
2,200,0.0,0.0509,0.7037,0.0,0.0
2,201,0.0,0.0498,0.7037,0.0,0.0
2,202,0.0,0.0503,0.7037,0.0,0.0
2,203,0.0,0.0504,0.7037,0.0,0.0
2,204,0.0,0.0496,0.7037,0.0,0.0
2,205,0.0,0.0503,0.7037,0.0,0.0
2,206,0.0,0.0513,0.7037,0.0,0.0
2,207,0.0,0.0512,0.7037,0.0,0.0
2,208,0.0,0.0517,0.7037,0.0,0.0
2,209,0.0,0.0514,0.7037,0.0,0.0
2,210,0.0,0.0521,0.7037,0.0,0.0
2,211,0.0,0.0514,0.7037,0.0,0.0
2,212,0.0,0.0521,0.7037,0.0,0.0
2,213,0.0,0.0521,0.7037,0.0,0.0
2,214,0.0,0.0514,0.7037,0.0,0.0
2,215,0.0,0.0523,0.7037,0.0,0.0
2,216,0.0,0.0513,0.7037,0.0,0.0
2,217,0.0,0.0521,0.7037,0.0,0.0
2,218,0.0,0.0523,0.7037,0.0,0.0
2,219,0.0,0.0513,0.7037,0.0,0.0
2,220,0.0,0.05,0.7037,0.0,0.0
2,221,0.0,0.0519,0.7037,0.0,0.0
2,222,0.0,0.0513,0.7037,0.0,0.0
2,223,0.0,0.0521,0.7037,0.0,0.0
2,224,0.0,0.0499,0.7037,0.0,0.0
2,225,0.0,0.0519,0.7037,0.0,0.0
2,226,0.0,0.0523,0.7037,0.0,0.0
2,227,0.0,0.0523,0.7037,0.0,0.0
2,228,0.0,0.0507,0.7037,0.0,0.0
2,229,0.0,0.0521,0.7037,0.0,0.0
2,230,0.0,0.0522,0.7037,0.0,0.0
2,231,0.0,0.0512,0.7037,0.0,0.0
2,232,0.0,0.0521,0.7037,0.0,0.0
2,233,0.0,0.0523,0.7037,0.0,0.0
2,234,0.0,0.0523,0.7037,0.0,0.0
2,235,0.0,0.0523,0.7037,0.0,0.0
2,236,0.0,0.0523,0.7037,0.0,0.0
2,237,0.0,0.0523,0.7037,0.0,0.0
2,238,0.0,0.0523,0.7037,0.0,0.0
2,239,0.0,0.0523,0.7037,0.0,0.0
2,240,0.0,0.0523,0.7037,0.0,0.0
2,241,0.0,0.0523,0.7037,0.0,0.0
2,242,0.0,0.0523,0.7037,0.0,0.0
2,243,0.0,0.0523,0.7037,0.0,0.0
2,244,0.0,0.0523,0.7037,0.0,0.0
2,245,0.0,0.0523,0.7037,0.0,0.0
2,246,0.0,0.0523,0.7037,0.0,0.0
2,247,0.0,0.0523,0.7037,0.0,0.0
2,248,0.0,0.0523,0.7037,0.0,0.0
2,249,0.0,0.0523,0.7037,0.0,0.0
2,250,0.0,0.0523,0.7037,0.0,0.0
3,1,0.0,0.0,0.7037,0.0,0.0
3,2,0.0,0.0,0.7037,0.0,0.0
3,3,0.0,0.0,0.7037,0.0,0.0
3,4,0.0,0.0,0.7037,0.0,0.0
3,5,0.0,0.0,0.7037,0.0,0.0
3,6,0.0,0.0,0.7037,0.0,0.0
3,7,0.0,0.0,0.7037,0.0,0.0
3,8,0.0,0.0,0.7037,0.0,0.0
3,9,0.0,0.0,0.7037,0.0,0.0
3,10,0.0,0.0,0.7037,0.0,0.0
3,11,0.0,0.0,0.7037,0.0,0.0
3,12,0.0,0.0,0.7037,0.0,0.0
3,13,0.0,0.0,0.7037,0.0,0.0
3,14,0.0,0.0,0.7037,0.0,0.0
3,15,0.0,0.0,0.7037,0.0,0.0
3,16,0.0,0.0,0.7037,0.0,0.0
3,17,0.0,0.0,0.7037,0.0,0.0
3,18,0.0,0.0,0.7037,0.0,0.0
3,19,0.0,0.0,0.7037,0.0,0.0
3,20,0.0,0.0,0.7037,0.0,0.0
3,21,0.0,0.0,0.7037,0.0,0.0
3,22,0.0,0.0,0.7037,0.0,0.0
3,23,0.0,0.0,0.7037,0.0,0.0
3,24,0.0,0.0,0.7037,0.0,0.0
3,25,0.0,0.0,0.7037,0.0,0.0
3,26,0.0,0.0,0.7037,0.0,0.0
3,27,0.0,0.0,0.7037,0.0,0.0
3,28,0.0,0.0,0.7037,0.0,0.0
3,29,0.0,0.0,0.7037,0.0,0.0
3,30,0.0,0.0,0.7037,0.0,0.0
3,31,0.0,0.0,0.7037,0.0,0.0
3,32,0.0,0.0,0.7037,0.0,0.0
3,33,0.0,0.0,0.7037,0.0,0.0
3,34,0.0,0.0,0.7037,0.0,0.0
3,35,0.0,0.0,0.7037,0.0,0.0
3,36,0.0,0.0,0.7037,0.0,0.0
3,37,0.0,0.0,0.7037,0.0,0.0
3,38,0.0,0.0,0.7037,0.0,0.0
3,39,0.0,0.0,0.7037,0.0,0.0
3,40,0.0,0.0,0.7037,0.0,0.0
3,41,0.0,0.0,0.7037,0.0,0.0
3,42,0.0,0.0,0.7037,0.0,0.0
3,43,0.0,0.0,0.7037,0.0,0.0
3,44,0.0,0.0,0.7037,0.0,0.0
3,45,0.0,0.0,0.7037,0.0,0.0
3,46,0.0,0.0,0.7037,0.0,0.0
3,47,0.0,0.0,0.7037,0.0,0.0
3,48,0.0,0.0,0.7037,0.0,0.0
3,49,0.0,0.0,0.7037,0.0,0.0
3,50,0.0,0.0,0.7037,0.0,0.0
3,51,0.0,0.0,0.7037,0.0,0.0
3,52,0.0,0.0,0.7037,0.0,0.0
3,53,0.0,0.0,0.7037,0.0,0.0
3,54,0.0,0.0,0.7037,0.0,0.0
3,55,0.0,0.0,0.7037,0.0,0.0
3,56,0.0,0.0,0.7037,0.0,0.0
3,57,0.0,0.0,0.7037,0.0,0.0
3,58,0.0,0.0,0.7037,0.0,0.0
3,59,0.0,0.0,0.7037,0.0,0.0
3,60,0.0,0.0,0.7037,0.0,0.0
3,61,0.0,0.0,0.7037,0.0,0.0
3,62,0.0,0.0,0.7037,0.0,0.0
3,63,0.0,0.0,0.7037,0.0,0.0
3,64,0.0,0.0,0.7037,0.0,0.0
3,65,0.0,0.0,0.7037,0.0,0.0
3,66,0.0,0.0,0.7037,0.0,0.0
3,67,0.0,0.0,0.7037,0.0,0.0
3,68,0.0,0.0,0.7037,0.0,0.0
3,69,0.0,0.0,0.7037,0.0,0.0
3,70,0.0,0.0,0.7037,0.0,0.0
3,71,0.0,0.0,0.7037,0.0,0.0
3,72,0.0,0.0,0.7037,0.0,0.0
3,73,0.0,0.0,0.7037,0.0,0.0
3,74,0.0,0.0,0.7037,0.0,0.0
3,75,0.0,0.0,0.7037,0.0,0.0
3,76,0.0,0.0,0.7037,0.0,0.0
3,77,0.0,0.0,0.7037,0.0,0.0
3,78,0.0,0.0,0.7037,0.0,0.0
3,79,0.0,0.0,0.7037,0.0,0.0
3,80,0.0,0.0,0.7037,0.0,0.0
3,81,0.0,0.0,0.7037,0.0,0.0
3,82,0.0,0.0,0.7037,0.0,0.0
3,83,0.0,0.0,0.7037,0.0,0.0
3,84,0.0,0.0,0.7037,0.0,0.0
3,85,0.0,0.0,0.7037,0.0,0.0
3,86,0.0,0.0,0.7037,0.0,0.0
3,87,0.0,0.0,0.7037,0.0,0.0
3,88,0.0,0.0,0.7037,0.0,0.0
3,89,0.0,0.0,0.7037,0.0,0.0
3,90,0.0,0.0,0.7037,0.0,0.0
3,91,0.0,0.0,0.7037,0.0,0.0
3,92,0.0,0.0,0.7037,0.0,0.0
3,93,0.0,0.0,0.7037,0.0,0.0
3,94,0.0,0.0,0.7037,0.0,0.0
3,95,0.0,0.0,0.7037,0.0,0.0
3,96,0.0,0.0,0.7037,0.0,0.0
3,97,0.0,0.0,0.7037,0.0,0.0
3,98,0.0,0.0,0.7037,0.0,0.0
3,99,0.0,0.0,0.7037,0.0,0.0
3,100,0.0,0.0,0.7037,0.0,0.0
3,101,0.0,0.0,0.7037,0.0,0.0
3,102,0.0,0.0,0.7037,0.0,0.0
3,103,0.0,0.0,0.7037,0.0,0.0
3,104,0.0,0.0,0.7037,0.0,0.0
3,105,0.0,0.0,0.7037,0.0,0.0
3,106,0.0,0.0,0.7037,0.0,0.0
3,107,0.0,0.0,0.7037,0.0,0.0
3,108,0.0,0.0,0.7037,0.0,0.0
3,109,0.0,0.0,0.7037,0.0,0.0
3,110,0.0,0.0,0.7037,0.0,0.0
3,111,0.0,0.0,0.7037,0.0,0.0
3,112,0.0,0.0,0.7037,0.0,0.0
3,113,0.0,0.0,0.7037,0.0,0.0
3,114,0.0,0.0,0.7037,0.0,0.0
3,115,0.0,0.0,0.7037,0.0,0.0
3,116,0.0,0.0,0.7037,0.0,0.0
3,117,0.0,0.0,0.7037,0.0,0.0
3,118,0.0,0.0,0.7037,0.0,0.0
3,119,0.0,0.0,0.7037,0.0,0.0
3,120,0.0,0.0,0.7037,0.0,0.0
3,121,0.0,0.0,0.7037,0.0,0.0
3,122,0.0,0.0,0.7037,0.0,0.0
3,123,0.0,0.0,0.7037,0.0,0.0
3,124,0.0,0.0,0.7037,0.0,0.0
3,125,0.0,0.0,0.7037,0.0,0.0
3,126,0.0,0.0,0.7037,0.0,0.0
3,127,0.0,0.0,0.7037,0.0,0.0
3,128,0.0,0.0,0.7037,0.0,0.0
3,129,0.0,0.0,0.7037,0.0,0.0
3,130,0.0,0.0,0.7037,0.0,0.0
3,131,0.0,0.0,0.7037,0.0,0.0
3,132,0.0,0.0,0.7037,0.0,0.0
3,133,0.0,0.0,0.7037,0.0,0.0
3,134,0.0,0.0,0.7037,0.0,0.0
3,135,0.0,0.0,0.7037,0.0,0.0
3,136,0.0,0.0,0.7037,0.0,0.0
3,137,0.0,0.0,0.7037,0.0,0.0
3,138,0.0,0.0,0.7037,0.0,0.0
3,139,0.0,0.0,0.7037,0.0,0.0
3,140,0.0,0.0,0.7037,0.0,0.0
3,141,0.0,0.0,0.7037,0.0,0.0
3,142,0.0,0.0,0.7037,0.0,0.0
3,143,0.0,0.0,0.7037,0.0,0.0
3,144,0.0,0.0,0.7037,0.0,0.0
3,145,0.0,0.0,0.7037,0.0,0.0
3,146,0.0,0.0,0.7037,0.0,0.0
3,147,0.0,0.0,0.7037,0.0,0.0
3,148,0.0,0.0,0.7037,0.0,0.0
3,149,0.0,0.0,0.7037,0.0,0.0
3,150,0.0,0.0,0.6918,0.0,0.0
3,151,0.0,0.0,0.7023,0.0,0.0
3,152,0.0,0.0,0.7001,0.0,0.0
3,153,0.0,0.0,0.703,0.0,0.0
3,154,0.0,0.0,0.7037,0.0,0.0
3,155,0.0,0.0,0.7037,0.0,0.0
3,156,0.0,0.0,0.6855,0.0,0.0
3,157,0.0,0.0,0.6728,0.0,0.0
3,158,0.0,0.0,0.6709,0.0,0.0
3,159,0.0,0.0,0.7037,0.0,0.0
3,160,0.0,0.0,0.7037,0.0,0.0
3,161,0.0,0.0,0.7037,0.0,0.0
3,162,0.0,0.0,0.6955,0.0,0.0
3,163,0.0,0.0,0.6996,0.0,0.0
3,164,0.0,0.0,0.6946,0.0,0.0
3,165,0.0,0.0,0.7037,0.0,0.0
3,166,0.0,0.0,0.7037,0.0,0.0
3,167,0.0,0.0,0.6974,0.0,0.0
3,168,0.0,0.0,0.6893,0.0,0.0
3,169,0.0,0.0,0.7037,0.0,0.0
3,170,0.0,0.0,0.7037,0.0,0.0
3,171,0.0,0.0,0.7037,0.0,0.0
3,172,0.0,0.0,0.7037,0.0,0.0
3,173,0.0,0.0,0.696,0.0,0.0
3,174,0.0,0.0,0.69,0.0,0.0
3,175,0.0,0.0,0.6667,0.0,0.0
3,176,0.0,0.0,0.692,0.0,0.0
3,177,0.0,0.0,0.7037,0.0,0.0
3,178,0.0,0.0,0.7037,0.0,0.0
3,179,0.0,0.0,0.6939,0.0,0.0
3,180,0.0,0.0,0.7002,0.0,0.0
3,181,0.0,0.0,0.703,0.0,0.0
3,182,0.0,0.0,0.7037,0.0,0.0
3,183,0.0,0.0,0.7037,0.0,0.0
3,184,0.0,0.0,0.7023,0.0,0.0
3,185,0.0,0.0,0.6667,0.0,0.0
3,186,0.0,0.0,0.6667,0.0,0.0
3,187,0.0,0.0,0.6778,0.0,0.0
3,188,0.0,0.0,0.7037,0.0,0.0
3,189,0.0,0.0,0.7037,0.0,0.0
3,190,0.0,0.0,0.7023,0.0,0.0
3,191,0.0,0.0,0.7006,0.0,0.0
3,192,0.0,0.0,0.679,0.0,0.0
3,193,0.0,0.0,0.6988,0.0,0.0
3,194,0.0,0.0,0.7003,0.0,0.0
3,195,0.0,0.0,0.6916,0.0,0.0
3,196,0.0,0.0,0.682,0.0,0.0
3,197,0.0,0.0,0.6667,0.0,0.0
3,198,0.0,0.0,0.6701,0.0,0.0
3,199,0.0,0.0,0.7002,0.0,0.0
3,200,0.0,0.0,0.7037,0.0,0.0
3,201,0.0,0.0,0.7037,0.0,0.0
3,202,0.0,0.0,0.6934,0.0,0.0
3,203,0.0,0.0,0.6667,0.0,0.0
3,204,0.0,0.0,0.6667,0.0,0.0
3,205,0.0,0.0,0.692,0.0,0.0
3,206,0.0,0.0,0.7037,0.0,0.0
3,207,0.0,0.0,0.7037,0.0,0.0
3,208,0.2457,0.0,0.6989,0.0,0.0
3,209,0.2624,0.0,0.6751,0.0,0.0
3,210,0.2624,0.0,0.6667,0.0,0.0
3,211,0.2624,0.0,0.6737,0.0,0.0
3,212,0.2618,0.0,0.7037,0.0,0.0
3,213,0.2553,0.0,0.6995,0.0,0.0
3,214,0.164,0.0,0.703,0.0,0.0
3,215,0.0,0.0,0.6883,0.0,0.0
3,216,0.0,0.0,0.6688,0.0,0.0
3,217,0.0,0.0,0.6742,0.0,0.0
3,218,0.0,0.0,0.6946,0.0,0.0
3,219,0.0,0.0,0.7037,0.0,0.0
3,220,0.0,0.0,0.7037,0.0,0.0
3,221,0.0,0.0,0.6749,0.0,0.0
3,222,0.0,0.0,0.6667,0.0,0.0
3,223,0.0,0.0,0.6688,0.0,0.0
3,224,0.2411,0.0,0.7037,0.0,0.0
3,225,0.25,0.0,0.6967,0.0,0.0
3,226,0.2502,0.0,0.7037,0.0,0.0
3,227,0.2482,0.0,0.6806,0.0,0.0
3,228,0.2482,0.0,0.6708,0.0,0.0
3,229,0.2482,0.0,0.6841,0.0,0.0
3,230,0.2482,0.0,0.6968,0.0,0.0
3,231,0.2482,0.0,0.7037,0.0,0.0
3,232,0.2482,0.0,0.6968,0.0,0.0
3,233,0.2482,0.0,0.6759,0.0,0.0
3,234,0.2482,0.0,0.6681,0.0,0.0
3,235,0.2482,0.0,0.6687,0.0,0.0
3,236,0.2482,0.0,0.6745,0.0,0.0
3,237,0.2482,0.0,0.693,0.0,0.0
3,238,0.2482,0.0,0.6953,0.0,0.0
3,239,0.2482,0.0,0.6749,0.0,0.0
3,240,0.2482,0.0,0.6667,0.0,0.0
3,241,0.2482,0.0,0.6744,0.0,0.0
3,242,0.2482,0.0,0.703,0.0,0.0
3,243,0.2482,0.0,0.7023,0.0,0.0
3,244,0.2482,0.0,0.7037,0.0,0.0
3,245,0.2482,0.0,0.7037,0.0,0.0
3,246,0.2482,0.0,0.7037,0.0,0.0
3,247,0.2482,0.0,0.7016,0.0,0.0
3,248,0.2482,0.0,0.7037,0.0,0.0
3,249,0.2482,0.0,0.7023,0.0,0.0
3,250,0.2482,0.0,0.6848,0.0,0.0
4,1,0.0,0.0496,0.6835,0.0,0.0
4,2,0.0,0.0496,0.6885,0.0,0.0
4,3,0.0,0.0496,0.6744,0.0,0.0
4,4,0.0,0.0496,0.6667,0.0,0.0
4,5,0.0,0.0496,0.6667,0.0,0.0
4,6,0.0,0.0496,0.6883,0.0,0.0
4,7,0.0,0.0496,0.7037,0.0,0.0
4,8,0.0,0.0496,0.7037,0.0,0.0
4,9,0.0,0.0496,0.6795,0.0,0.0
4,10,0.0,0.0496,0.6838,0.0,0.0
4,11,0.0,0.0496,0.678,0.0,0.0
4,12,0.0,0.0496,0.7033,0.0,0.0
4,13,0.0,0.0496,0.6843,0.0,0.0
4,14,0.0,0.0496,0.6724,0.0,0.0
4,15,0.0,0.0496,0.6691,0.0,0.0
4,16,0.0,0.0496,0.6667,0.0,0.0
4,17,0.0,0.0496,0.6667,0.0,0.0
4,18,0.0,0.0496,0.6836,0.0,0.0
4,19,0.0,0.0496,0.7037,0.0,0.0
4,20,0.0,0.0496,0.7037,0.0,0.0
4,21,0.0,0.0496,0.7009,0.0,0.0
4,22,0.0,0.0496,0.7037,0.0,0.0
4,23,0.0,0.0496,0.7037,0.0,0.0
4,24,0.0,0.0496,0.7037,0.0,0.0
4,25,0.0,0.0497,0.7037,0.0,0.0
4,26,0.0,0.0496,0.7037,0.0,0.0
4,27,0.0,0.05,0.7037,0.0,0.0
4,28,0.0,0.0496,0.7037,0.0,0.0
4,29,0.0,0.0496,0.7037,0.0,0.0
4,30,0.0,0.0496,0.7037,0.0,0.0
4,31,0.0,0.0498,0.7037,0.0,0.0
4,32,0.2059,0.0496,0.7037,0.0,0.0
4,33,0.2541,0.0496,0.703,0.0,0.0
4,34,0.2486,0.0496,0.703,0.0,0.0
4,35,0.2482,0.0496,0.7037,0.0,0.0
4,36,0.2482,0.0496,0.7037,0.0,0.0
4,37,0.2482,0.0496,0.7037,0.0,0.0
4,38,0.2489,0.0496,0.7037,0.0,0.0
4,39,0.2482,0.0496,0.6973,0.0,0.0
4,40,0.2482,0.0496,0.6967,0.0,0.0
4,41,0.2482,0.0496,0.6971,0.0,0.0
4,42,0.2482,0.0496,0.7037,0.0,0.0
4,43,0.2482,0.0496,0.7037,0.0,0.0
4,44,0.2482,0.0496,0.7037,0.0,0.0
4,45,0.2482,0.0496,0.7037,0.0,0.0
4,46,0.2482,0.0496,0.7037,0.0,0.0
4,47,0.2482,0.0496,0.7037,0.0,0.0
4,48,0.2482,0.0496,0.7037,0.0,0.0
4,49,0.2482,0.0496,0.7037,0.0,0.0
4,50,0.2482,0.0496,0.7037,0.0,0.0
4,51,0.2482,0.0496,0.7037,0.0,0.0
4,52,0.2482,0.0496,0.7037,0.0,0.0
4,53,0.2482,0.0498,0.7037,0.0,0.0
4,54,0.2482,0.0496,0.7037,0.0,0.0
4,55,0.2482,0.0496,0.7037,0.0,0.0
4,56,0.2482,0.0504,0.7037,0.0,0.0
4,57,0.2482,0.0501,0.7037,0.0,0.0
4,58,0.2482,0.0501,0.7037,0.0,0.0
4,59,0.2482,0.0496,0.7037,0.0,0.0
4,60,0.2482,0.0496,0.7037,0.0,0.0
4,61,0.2482,0.0496,0.7037,0.0,0.0
4,62,0.2482,0.0502,0.7037,0.0,0.0
4,63,0.2482,0.0499,0.7037,0.0,0.0
4,64,0.2482,0.0496,0.7037,0.0,0.0
4,65,0.2482,0.0501,0.7037,0.0,0.0
4,66,0.2482,0.0496,0.7037,0.0,0.0
4,67,0.2482,0.0499,0.7037,0.0,0.0
4,68,0.2482,0.0497,0.7037,0.0,0.0
4,69,0.2482,0.0502,0.7037,0.0,0.0
4,70,0.2482,0.0509,0.7037,0.0,0.0
4,71,0.2482,0.0518,0.7037,0.0,0.0
4,72,0.2482,0.0507,0.7037,0.0,0.0
4,73,0.2482,0.0499,0.7037,0.0,0.0
4,74,0.2482,0.0504,0.7037,0.0,0.0
4,75,0.2482,0.0517,0.7037,0.0291,0.0
4,76,0.2486,0.052,0.7037,0.0137,0.0
4,77,0.1078,0.0523,0.7037,0.0052,0.0
4,78,0.0,0.0523,0.7037,0.0,0.0
4,79,0.0,0.0517,0.7037,0.0,0.0
4,80,0.0,0.0523,0.7037,0.0,0.0
4,81,0.0,0.0523,0.7037,0.0,0.0
4,82,0.0,0.0523,0.7037,0.0,0.0
4,83,0.0,0.0523,0.7037,0.0,0.0
4,84,0.0,0.0523,0.7037,0.0,0.0
4,85,0.0,0.0521,0.7037,0.0,0.0
4,86,0.0,0.0521,0.7037,0.0,0.0
4,87,0.0,0.0523,0.7037,0.0,0.0
4,88,0.0,0.0523,0.7037,0.0,0.0
4,89,0.0,0.0523,0.7037,0.0,0.0
4,90,0.0,0.0523,0.7037,0.0,0.0
4,91,0.0,0.0523,0.7037,0.0,0.0
4,92,0.0,0.0523,0.7037,0.0,0.0
4,93,0.0,0.0523,0.7037,0.0,0.0
4,94,0.0,0.0523,0.7037,0.0,0.0
4,95,0.0,0.0523,0.7037,0.0,0.0
4,96,0.0,0.0523,0.7037,0.0,0.0
4,97,0.0,0.0523,0.7037,0.0,0.0
4,98,0.0,0.0512,0.7037,0.0,0.0
4,99,0.0,0.0514,0.7037,0.0,0.0
4,100,0.0,0.0517,0.7037,0.0,0.0
4,101,0.0,0.0521,0.7037,0.0,0.0
4,102,0.0,0.0521,0.7037,0.0,0.0
4,103,0.0,0.0515,0.7037,0.0,0.0
4,104,0.0,0.0516,0.7037,0.0,0.0
4,105,0.0,0.0507,0.7037,0.0,0.0
4,106,0.0,0.0511,0.7037,0.0,0.0
4,107,0.0,0.0506,0.7037,0.0,0.0
4,108,0.0,0.0514,0.7037,0.0,0.0
4,109,0.0,0.0511,0.7037,0.0,0.0
4,110,0.0,0.0513,0.7037,0.0,0.0
4,111,0.0,0.0507,0.7037,0.0,0.0
4,112,0.0,0.0507,0.7037,0.0,0.0
4,113,0.0,0.0513,0.7037,0.0,0.0
4,114,0.0,0.0511,0.7037,0.0,0.0
4,115,0.0,0.0518,0.7037,0.0,0.0
4,116,0.0,0.052,0.7037,0.0,0.0
4,117,0.0,0.0517,0.7037,0.0,0.0
4,118,0.0,0.0496,0.7037,0.0,0.0
4,119,0.0,0.0501,0.7037,0.0,0.0
4,120,0.0,0.0511,0.7037,0.0,0.0
4,121,0.0,0.052,0.7037,0.0,0.0
4,122,0.0,0.0511,0.7037,0.0,0.0
4,123,0.0,0.0499,0.7037,0.0,0.0
4,124,0.0,0.0497,0.7037,0.0,0.0
4,125,0.0,0.0501,0.7037,0.0,0.0
4,126,0.0,0.0511,0.7037,0.0,0.0
4,127,0.0,0.0506,0.7037,0.0,0.0
4,128,0.0,0.0518,0.7037,0.0,0.0
4,129,0.0,0.0506,0.7037,0.0,0.0
4,130,0.0,0.051,0.7037,0.0,0.0
4,131,0.0,0.05,0.7037,0.0,0.0
4,132,0.0,0.0508,0.7037,0.0,0.0
4,133,0.0,0.0512,0.7037,0.0,0.0
4,134,0.0,0.0516,0.7037,0.0,0.0
4,135,0.0,0.0505,0.7037,0.0,0.0
4,136,0.0,0.0505,0.7037,0.0,0.0
4,137,0.0,0.0505,0.7037,0.0,0.0
4,138,0.0,0.0516,0.7037,0.0,0.0
4,139,0.0,0.0523,0.7037,0.0,0.0
4,140,0.0,0.0523,0.7037,0.0,0.0
4,141,0.0,0.0518,0.7037,0.0,0.0
4,142,0.0,0.052,0.7037,0.0,0.0
4,143,0.0,0.0523,0.7037,0.0,0.0
4,144,0.0,0.0521,0.7037,0.0,0.0
4,145,0.0,0.0523,0.7037,0.0,0.0
4,146,0.0,0.0523,0.7037,0.0,0.0
4,147,0.0,0.0523,0.7037,0.0,0.0
4,148,0.0,0.0523,0.7037,0.0,0.0
4,149,0.0,0.0521,0.7037,0.0,0.0
4,150,0.0,0.0523,0.7037,0.0,0.0
4,151,0.0,0.0523,0.7037,0.0,0.0
4,152,0.0,0.0523,0.7037,0.0,0.0
4,153,0.0,0.0522,0.7037,0.0,0.0
4,154,0.0,0.052,0.7037,0.0,0.0
4,155,0.0,0.0523,0.7037,0.0,0.0
4,156,0.0,0.0519,0.7037,0.0,0.0
4,157,0.0,0.0523,0.7037,0.0,0.0
4,158,0.0,0.0523,0.7037,0.0,0.0
4,159,0.0,0.0523,0.7037,0.0,0.0
4,160,0.0,0.0523,0.7037,0.0,0.0
4,161,0.0,0.0523,0.7037,0.0,0.0
4,162,0.0,0.0523,0.7037,0.0,0.0
4,163,0.0,0.0523,0.7037,0.0,0.0
4,164,0.0,0.0523,0.7037,0.0,0.0
4,165,0.0,0.0523,0.7037,0.0,0.0
4,166,0.0,0.0518,0.7037,0.0,0.0
4,167,0.0,0.0513,0.7037,0.0,0.0
4,168,0.0,0.0521,0.7037,0.0,0.0
4,169,0.0,0.0521,0.7037,0.0,0.0
4,170,0.0,0.0523,0.7037,0.0,0.0
4,171,0.0,0.0522,0.7037,0.0,0.0
4,172,0.0,0.0523,0.7037,0.0,0.0
4,173,0.0,0.0516,0.7037,0.0,0.0
4,174,0.0,0.0516,0.7037,0.0,0.0
4,175,0.0,0.0519,0.7037,0.0,0.0
4,176,0.0,0.0523,0.7037,0.0,0.0
4,177,0.0,0.0522,0.7037,0.0,0.0
4,178,0.0,0.0523,0.7037,0.0,0.0
4,179,0.0,0.0511,0.7037,0.0,0.0
4,180,0.0,0.0515,0.7037,0.0,0.0
4,181,0.0,0.0521,0.7037,0.0,0.0
4,182,0.0,0.0523,0.7037,0.0,0.0
4,183,0.0,0.0523,0.7037,0.0,0.0
4,184,0.0,0.0523,0.7037,0.0,0.0
4,185,0.0,0.0523,0.7037,0.0,0.0
4,186,0.0,0.0523,0.7037,0.0,0.0
4,187,0.0,0.0523,0.7037,0.0,0.0
4,188,0.0,0.0523,0.7037,0.0,0.0
4,189,0.0,0.0523,0.7037,0.0,0.0
4,190,0.0,0.0523,0.7037,0.0,0.0
4,191,0.0,0.0523,0.7037,0.0,0.0
4,192,0.0,0.0523,0.7037,0.0,0.0
4,193,0.0,0.0523,0.7037,0.0,0.0
4,194,0.0,0.0523,0.7037,0.0,0.0
4,195,0.0,0.0523,0.7037,0.0,0.0
4,196,0.0,0.0523,0.7037,0.0,0.0
4,197,0.0,0.0523,0.7037,0.0,0.0
4,198,0.0,0.0523,0.7037,0.0,0.0
4,199,0.0,0.0523,0.7037,0.0,0.0
4,200,0.0,0.0523,0.7037,0.0,0.0
4,201,0.0,0.0523,0.7037,0.0,0.0
4,202,0.0,0.0523,0.7037,0.0,0.0
4,203,0.0,0.0523,0.7037,0.0,0.0
4,204,0.0,0.0523,0.7037,0.0,0.0
4,205,0.0,0.0523,0.7037,0.0,0.0
4,206,0.0,0.0523,0.7037,0.0,0.0
4,207,0.0,0.0523,0.7037,0.0,0.0
4,208,0.0,0.0523,0.7037,0.0,0.0
4,209,0.0,0.0523,0.7037,0.0,0.0
4,210,0.0,0.0523,0.7037,0.0,0.0
4,211,0.0,0.0523,0.7037,0.0,0.0
4,212,0.0,0.0523,0.7037,0.0,0.0
4,213,0.0,0.0523,0.7037,0.0,0.0
4,214,0.0,0.0523,0.7037,0.0,0.0
4,215,0.0,0.0523,0.7037,0.0,0.0
4,216,0.0,0.0523,0.7037,0.0,0.0
4,217,0.0,0.0523,0.7037,0.0,0.0
4,218,0.0,0.0523,0.7037,0.0,0.0
4,219,0.0,0.0523,0.7037,0.0,0.0
4,220,0.0,0.0523,0.7037,0.0,0.0
4,221,0.0,0.0523,0.7037,0.0,0.0
4,222,0.0,0.0523,0.7037,0.0,0.0
4,223,0.0,0.0523,0.7037,0.0,0.0
4,224,0.0,0.0523,0.7037,0.0,0.0
4,225,0.0,0.0523,0.7037,0.0,0.0
4,226,0.0,0.0507,0.6941,0.0,0.0
4,227,0.0,0.0001,0.0021,0.0,0.0
4,228,0.0,0.0523,0.7135,0.0,0.0
4,229,0.0,0.0523,0.7037,0.0,0.0
4,230,0.0,0.0523,0.7037,0.0,0.0
4,231,0.0,0.0523,0.7037,0.0,0.0
4,232,0.0,0.0523,0.7037,0.0,0.0
4,233,0.0,0.0523,0.7037,0.0,0.0
4,234,0.0,0.0523,0.7037,0.0,0.0
4,235,0.0,0.0523,0.7037,0.0,0.0
4,236,0.0,0.0523,0.7037,0.0,0.0
4,237,0.0,0.0523,0.7037,0.0,0.0
4,238,0.0,0.0523,0.7037,0.0,0.0
4,239,0.0,0.0523,0.7037,0.0,0.0
4,240,0.0,0.0523,0.7037,0.0,0.0
4,241,0.0,0.0523,0.7037,0.0,0.0
4,242,0.0,0.0523,0.7037,0.0,0.0
4,243,0.0,0.0523,0.7037,0.0,0.0
4,244,0.0,0.0523,0.7037,0.0,0.0
4,245,0.0,0.0523,0.7037,0.0,0.0
4,246,0.0,0.0523,0.7037,0.0,0.0
4,247,0.0,0.0523,0.7037,0.0,0.0
4,248,0.0,0.0523,0.7037,0.0,0.0
4,249,0.0,0.0523,0.7037,0.0,0.0
4,250,0.0,0.0523,0.7037,0.0,0.0
5,1,0.0,0.0523,0.7037,0.0108,0.0
5,2,0.0,0.0523,0.7037,0.0108,0.0
5,3,0.0,0.0523,0.7037,0.0108,0.0
5,4,0.0,0.0523,0.7037,0.0108,0.0
5,5,0.0,0.0523,0.7037,0.0108,0.0
5,6,0.0,0.0523,0.7037,0.0108,0.0
5,7,0.0,0.0523,0.7037,0.0108,0.0
5,8,0.0,0.0523,0.7037,0.0108,0.0
5,9,0.0,0.0523,0.7037,0.0108,0.0
5,10,0.0,0.0523,0.7037,0.0108,0.0
5,11,0.0,0.0523,0.7037,0.0108,0.0
5,12,0.0,0.0523,0.7037,0.0108,0.0
5,13,0.0,0.0523,0.7037,0.0108,0.0
5,14,0.0,0.0523,0.7037,0.0108,0.0
5,15,0.0,0.0523,0.7037,0.0108,0.0
5,16,0.0,0.0523,0.7037,0.0108,0.0
5,17,0.0,0.0523,0.7037,0.0108,0.0
5,18,0.0,0.0523,0.7037,0.0108,0.0
5,19,0.0,0.0523,0.7037,0.0109,0.0
5,20,0.0,0.0523,0.7037,0.0111,0.0
5,21,0.0,0.0523,0.7037,0.0113,0.0
5,22,0.0,0.0523,0.7037,0.0112,0.0
5,23,0.0,0.0523,0.7037,0.0108,0.0
5,24,0.0,0.0523,0.7037,0.0108,0.0
5,25,0.0766,0.0523,0.7037,0.0108,0.0
5,26,0.2624,0.0523,0.7037,0.0108,0.0
5,27,0.2624,0.0523,0.7037,0.0108,0.0
5,28,0.2624,0.0523,0.7037,0.0108,0.0
5,29,0.2624,0.0523,0.7037,0.0108,0.0
5,30,0.2624,0.0523,0.7037,0.0108,0.0
5,31,0.2624,0.0523,0.7037,0.0107,0.0
5,32,0.2624,0.0523,0.7037,0.0107,0.0
5,33,0.2606,0.0523,0.7037,0.0108,0.0
5,34,0.2614,0.0523,0.7037,0.011,0.0
5,35,0.2607,0.0523,0.7037,0.0113,0.0
5,36,0.2624,0.0523,0.7037,0.0113,0.0
5,37,0.2624,0.0523,0.7037,0.0112,0.0
5,38,0.2624,0.0523,0.7037,0.0108,0.0
5,39,0.2582,0.0523,0.7037,0.0108,0.0
5,40,0.2553,0.0523,0.7037,0.0108,0.0
5,41,0.2553,0.0523,0.7037,0.0108,0.0
5,42,0.2574,0.0523,0.7037,0.0108,0.0
5,43,0.2573,0.0523,0.7037,0.0108,0.0
5,44,0.2562,0.0523,0.7037,0.0115,0.0
5,45,0.2563,0.0523,0.7037,0.0127,0.0
5,46,0.2553,0.0523,0.7037,0.0136,0.0
5,47,0.2553,0.0523,0.7037,0.0142,0.0
5,48,0.2553,0.0523,0.7037,0.0143,0.0
5,49,0.2573,0.0523,0.7037,0.0138,0.0
5,50,0.2557,0.0523,0.7037,0.0124,0.0
5,51,0.2573,0.0523,0.7037,0.0109,0.0
5,52,0.2553,0.0523,0.7037,0.0109,0.0
5,53,0.2553,0.0523,0.7037,0.0108,0.0
5,54,0.2553,0.0523,0.7037,0.0108,0.0
5,55,0.2553,0.0523,0.7037,0.0108,0.0
5,56,0.2553,0.0523,0.7037,0.0108,0.0
5,57,0.2547,0.0523,0.7037,0.0108,0.0
5,58,0.2553,0.0523,0.7037,0.0108,0.0
5,59,0.2553,0.0523,0.7037,0.0108,0.0
5,60,0.2553,0.0523,0.7037,0.0108,0.0
5,61,0.2553,0.0523,0.7037,0.0108,0.0
5,62,0.2553,0.0523,0.7037,0.0108,0.0
5,63,0.2553,0.0523,0.7037,0.0109,0.0
5,64,0.2553,0.0523,0.7037,0.0108,0.0
5,65,0.2553,0.0523,0.7037,0.0108,0.0
5,66,0.2553,0.0523,0.7037,0.0108,0.0
5,67,0.2553,0.0523,0.7037,0.0108,0.0
5,68,0.2553,0.0523,0.7037,0.0108,0.0
5,69,0.2553,0.0523,0.7037,0.0108,0.0
5,70,0.2553,0.0523,0.7037,0.0108,0.0
5,71,0.2553,0.0523,0.7037,0.0108,0.0
5,72,0.2553,0.0523,0.7037,0.0108,0.0
5,73,0.2553,0.0523,0.7037,0.0108,0.0
5,74,0.2553,0.0523,0.7037,0.0108,0.0
5,75,0.2553,0.0523,0.7037,0.0108,0.0
5,76,0.2553,0.0523,0.7037,0.0108,0.0
5,77,0.2553,0.0523,0.7037,0.0108,0.0
5,78,0.2553,0.0523,0.7037,0.0108,0.0
5,79,0.2553,0.0523,0.7037,0.0108,0.0
5,80,0.2553,0.0523,0.7037,0.0108,0.0
5,81,0.2553,0.0523,0.7037,0.0108,0.0
5,82,0.2553,0.0523,0.7037,0.0108,0.0
5,83,0.2552,0.0523,0.7037,0.0108,0.0
5,84,0.2551,0.0523,0.7037,0.0108,0.0
5,85,0.2553,0.0523,0.7037,0.0108,0.0
5,86,0.2553,0.0523,0.7037,0.0108,0.0
5,87,0.2553,0.0523,0.7037,0.0108,0.0
5,88,0.2553,0.0523,0.7037,0.0108,0.0
5,89,0.2547,0.0523,0.7037,0.0108,0.0
5,90,0.2553,0.0523,0.7037,0.0108,0.0
5,91,0.2553,0.0523,0.7037,0.0108,0.0
5,92,0.2553,0.0523,0.7037,0.0108,0.0
5,93,0.2553,0.0523,0.7037,0.0108,0.0
5,94,0.2553,0.0523,0.7037,0.0108,0.0
5,95,0.2553,0.0523,0.7037,0.0108,0.0
5,96,0.2553,0.0523,0.7037,0.0108,0.0
5,97,0.2553,0.0523,0.7037,0.0108,0.0
5,98,0.2553,0.0523,0.7037,0.0108,0.0
5,99,0.2553,0.0523,0.7037,0.0108,0.0
5,100,0.2553,0.0523,0.7037,0.0109,0.0
5,101,0.2552,0.0523,0.7037,0.0124,0.0
5,102,0.2553,0.0523,0.7037,0.0134,0.0
5,103,0.2553,0.0523,0.7037,0.014,0.0
5,104,0.2553,0.0523,0.7037,0.0142,0.0
5,105,0.2553,0.0523,0.7037,0.014,0.0
5,106,0.2553,0.0523,0.7037,0.0129,0.0
5,107,0.2553,0.0523,0.7037,0.011,0.0
5,108,0.255,0.0523,0.7037,0.0108,0.0
5,109,0.2532,0.0523,0.7037,0.0108,0.0
5,110,0.2551,0.0523,0.7037,0.0108,0.0
5,111,0.2553,0.0523,0.7037,0.0108,0.0
5,112,0.2553,0.0523,0.7037,0.0108,0.0
5,113,0.2553,0.0523,0.7037,0.0108,0.0
5,114,0.2553,0.0523,0.7037,0.0108,0.0
5,115,0.2553,0.0523,0.7037,0.0108,0.0
5,116,0.2553,0.0523,0.7037,0.0108,0.0
5,117,0.2553,0.0523,0.7037,0.0108,0.0
5,118,0.2552,0.0523,0.7037,0.0108,0.0
5,119,0.2553,0.0523,0.7037,0.0108,0.0
5,120,0.2553,0.0523,0.7037,0.0108,0.0
5,121,0.2553,0.0523,0.7037,0.0108,0.0
5,122,0.2553,0.0523,0.7037,0.0108,0.0
5,123,0.2553,0.0523,0.7037,0.0107,0.0
5,124,0.2553,0.0523,0.7037,0.0108,0.0
5,125,0.0716,0.0523,0.7037,0.0107,0.0
5,126,0.0,0.0523,0.7037,0.0108,0.0
5,127,0.0,0.0523,0.7037,0.0108,0.0
5,128,0.0,0.0523,0.7037,0.0108,0.0
5,129,0.0,0.0523,0.7037,0.0108,0.0
5,130,0.0,0.0523,0.7037,0.0108,0.0
5,131,0.0,0.0523,0.7037,0.0108,0.0
5,132,0.0,0.0523,0.7037,0.0108,0.0
5,133,0.0,0.0523,0.7037,0.0108,0.0
5,134,0.0,0.0523,0.7037,0.0108,0.0
5,135,0.0,0.0523,0.7037,0.0107,0.0
5,136,0.0,0.0523,0.7037,0.0107,0.0
5,137,0.0,0.0523,0.7037,0.0108,0.0
5,138,0.0,0.0523,0.7037,0.0107,0.0
5,139,0.0,0.0523,0.7037,0.0107,0.0
5,140,0.0,0.0523,0.7037,0.0107,0.0
5,141,0.0,0.0523,0.7037,0.0107,0.0
5,142,0.0,0.0523,0.7037,0.0108,0.0
5,143,0.0,0.0523,0.7037,0.0108,0.0
5,144,0.0,0.0523,0.7037,0.0108,0.0
5,145,0.0,0.0523,0.7037,0.0108,0.0
5,146,0.0,0.0523,0.7037,0.0108,0.0
5,147,0.0,0.0523,0.7037,0.0108,0.0
5,148,0.0,0.0523,0.7037,0.0108,0.0
5,149,0.0,0.0523,0.7037,0.0108,0.0
5,150,0.0,0.0523,0.7037,0.0108,0.0
5,151,0.0,0.0523,0.7037,0.0107,0.0
5,152,0.0,0.0523,0.7037,0.0107,0.0
5,153,0.0,0.0523,0.7037,0.0107,0.0
5,154,0.0,0.0523,0.7037,0.0108,0.0
5,155,0.0,0.0523,0.7037,0.0107,0.0
5,156,0.0,0.0523,0.7037,0.0107,0.0
5,157,0.0,0.0523,0.7037,0.0108,0.0
5,158,0.0,0.0523,0.7037,0.0108,0.0
5,159,0.0,0.0523,0.7037,0.0108,0.0
5,160,0.0,0.0523,0.7037,0.0113,0.0
5,161,0.0,0.0523,0.7037,0.0119,0.0
5,162,0.0,0.0523,0.7037,0.0127,0.0
5,163,0.0,0.0523,0.7037,0.013,0.0
5,164,0.0,0.0523,0.7037,0.0129,0.0
5,165,0.0,0.0523,0.7037,0.0117,0.0
5,166,0.0,0.0523,0.7037,0.0108,0.0
5,167,0.0,0.0523,0.7037,0.0108,0.0
5,168,0.0,0.0523,0.7037,0.0108,0.0
5,169,0.0,0.0523,0.7037,0.0108,0.0
5,170,0.0,0.0523,0.7037,0.0108,0.0
5,171,0.0,0.0523,0.7037,0.0108,0.0
5,172,0.0,0.0523,0.7037,0.0108,0.0
5,173,0.0,0.0523,0.7037,0.0108,0.0
5,174,0.0,0.0523,0.7037,0.0108,0.0
5,175,0.0,0.0523,0.7037,0.0108,0.0
5,176,0.0,0.0523,0.7037,0.0108,0.0
5,177,0.0,0.0523,0.7037,0.0108,0.0
5,178,0.0,0.0523,0.7037,0.0108,0.0
5,179,0.0,0.0523,0.7037,0.0108,0.0
5,180,0.0,0.0523,0.7037,0.0109,0.0
5,181,0.0,0.0523,0.7037,0.0113,0.0
5,182,0.0,0.0523,0.7037,0.0113,0.0
5,183,0.0,0.0523,0.7037,0.011,0.0
5,184,0.0,0.0523,0.7037,0.0108,0.0
5,185,0.0,0.0523,0.7037,0.0108,0.0
5,186,0.0,0.0523,0.7037,0.0108,0.0
5,187,0.0,0.0523,0.7037,0.0108,0.0
5,188,0.0,0.0523,0.7037,0.0108,0.0
5,189,0.0,0.0523,0.7037,0.0108,0.0
5,190,0.0,0.0523,0.7037,0.0109,0.0
5,191,0.0,0.0523,0.7037,0.011,0.0
5,192,0.0,0.0523,0.7037,0.0108,0.0
5,193,0.0,0.0523,0.7037,0.0108,0.0
5,194,0.0,0.0523,0.7037,0.0108,0.0
5,195,0.0,0.0523,0.7037,0.0107,0.0
5,196,0.0,0.0523,0.7037,0.0107,0.0
5,197,0.0,0.0523,0.7037,0.0108,0.0
5,198,0.0,0.0523,0.7037,0.0108,0.0
5,199,0.0,0.0523,0.7037,0.0108,0.0
5,200,0.0,0.0523,0.7037,0.0108,0.0
5,201,0.0,0.0523,0.7037,0.0107,0.0
5,202,0.0,0.0523,0.7037,0.011,0.0
5,203,0.0,0.0523,0.7037,0.0111,0.0
5,204,0.0,0.0523,0.7037,0.0112,0.0
5,205,0.0,0.0523,0.7037,0.0112,0.0
5,206,0.0,0.0523,0.7037,0.0112,0.0
5,207,0.0,0.0523,0.7037,0.0111,0.0
5,208,0.0,0.0523,0.7037,0.0108,0.0
5,209,0.0,0.0523,0.7037,0.0107,0.0
5,210,0.0,0.0523,0.7037,0.0107,0.0
5,211,0.0,0.0523,0.7037,0.0108,0.0
5,212,0.0,0.0523,0.7037,0.0108,0.0
5,213,0.0,0.0523,0.7037,0.0111,0.0
5,214,0.0,0.0523,0.7037,0.0118,0.0
5,215,0.0,0.0523,0.7037,0.0127,0.0
5,216,0.0,0.0523,0.7037,0.0134,0.0
5,217,0.0,0.0523,0.7037,0.0139,0.0
5,218,0.0,0.0523,0.7037,0.014,0.0
5,219,0.0,0.0523,0.7037,0.0135,0.0
5,220,0.0,0.0523,0.7037,0.0124,0.0
5,221,0.0,0.0523,0.7037,0.0109,0.0
5,222,0.0,0.0523,0.7037,0.0108,0.0
5,223,0.0,0.0523,0.7037,0.0108,0.0
5,224,0.0,0.0523,0.7037,0.0108,0.0
5,225,0.0,0.0523,0.7037,0.0108,0.0
5,226,0.0,0.0523,0.7037,0.0108,0.0
5,227,0.0,0.0523,0.7037,0.0108,0.0
5,228,0.0,0.0523,0.7037,0.0108,0.0
5,229,0.0,0.0523,0.7037,0.0108,0.0
5,230,0.0,0.0523,0.7037,0.0108,0.0
5,231,0.0,0.0523,0.7037,0.0108,0.0
5,232,0.0,0.0523,0.7037,0.0108,0.0
5,233,0.0,0.0523,0.7037,0.0108,0.0
5,234,0.0,0.0523,0.7037,0.0108,0.0
5,235,0.0,0.0523,0.7037,0.0108,0.0
5,236,0.0,0.0523,0.7037,0.0108,0.0
5,237,0.0,0.0523,0.7037,0.0108,0.0
5,238,0.0,0.0523,0.7037,0.0108,0.0
5,239,0.0,0.0523,0.7037,0.0108,0.0
5,240,0.0,0.0523,0.7037,0.0108,0.0
5,241,0.0,0.0523,0.7037,0.0108,0.0
5,242,0.0,0.0523,0.7037,0.0107,0.0
5,243,0.0,0.0523,0.7037,0.0107,0.0
5,244,0.0,0.0523,0.7037,0.0108,0.0
5,245,0.0,0.0523,0.7037,0.0108,0.0
5,246,0.0,0.0523,0.7037,0.0107,0.0
5,247,0.0,0.0523,0.7037,0.0107,0.0
5,248,0.0,0.052,0.7037,0.0107,0.0
5,249,0.0,0.0523,0.7037,0.0107,0.0
5,250,0.0,0.0523,0.7037,0.0107,0.0
